subject,feature,region,hemi,method,c_x,c_y,n_units_tuned
sub-05,pixel,MT,,cca,0.01,0.01,1
sub-05,pixel,STS,,cca,1.0,0.001,2
sub-05,hue,MT,,cca,0.01,0.01,1
sub-05,hue,STS,,cca,1.0,0.0031622776601683794,2
sub-05,face,MT,,cca,0.01,0.03162277660168379,1
sub-05,face,STS,,cca,1.0,1.0,2
sub-05,num_agents,MT,,cca,1e-05,0.0001,1
sub-05,num_agents,STS,,cca,1.0,0.03162277660168379,2
sub-05,social,MT,,cca,0.0031622776601683794,0.31622776601683794,1
sub-05,social,STS,,cca,1.0,0.001,2
sub-05,valence,MT,,cca,0.01,0.31622776601683794,1
sub-05,valence,STS,,cca,1e-05,0.01,2
sub-05,arousal,MT,,cca,0.00031622776601683794,0.1,1
sub-05,arousal,STS,,cca,1e-05,0.00031622776601683794,2
sub-05,pitch,MT,,cca,0.01,0.03162277660168379,1
sub-05,pitch,STS,,cca,1e-05,0.03162277660168379,2
sub-05,amplitude,MT,,cca,0.01,0.31622776601683794,1
sub-05,amplitude,STS,,cca,1e-05,0.0001,2
sub-05,music,MT,,cca,0.1,0.0031622776601683794,1
sub-05,music,STS,,cca,1.0,0.00031622776601683794,2
sub-05,speaking,MT,,cca,0.0001,0.0001,1
sub-05,speaking,STS,,cca,1.0,1e-05,2
sub-05,turn_taking,MT,,cca,1e-05,1.0,1
sub-05,turn_taking,STS,,cca,1e-05,0.001,2
sub-05,mentalization,MT,,cca,0.01,0.0001,1
sub-05,mentalization,STS,,cca,1.0,0.0031622776601683794,2
sub-05,written_text,MT,,cca,0.01,1e-05,1
sub-05,written_text,STS,,cca,1.0,0.0001,2
sub-06,pixel,MT,,cca,0.01,0.01,1
sub-06,pixel,STS,,cca,1.0,0.31622776601683794,2
sub-06,hue,MT,,cca,0.01,0.01,1
sub-06,hue,STS,,cca,1e-05,0.01,2
sub-06,face,MT,,cca,0.01,0.03162277660168379,1
sub-06,face,STS,,cca,1e-05,0.001,2
sub-06,num_agents,MT,,cca,1e-05,0.0001,1
sub-06,num_agents,STS,,cca,1.0,0.0031622776601683794,2
sub-06,social,MT,,cca,0.0031622776601683794,0.31622776601683794,1
sub-06,social,STS,,cca,1e-05,1e-05,2
sub-06,valence,MT,,cca,0.01,0.31622776601683794,1
sub-06,valence,STS,,cca,1e-05,0.31622776601683794,2
sub-06,arousal,MT,,cca,0.00031622776601683794,0.1,1
sub-06,arousal,STS,,cca,1.0,0.1,2
sub-06,pitch,MT,,cca,0.01,0.03162277660168379,1
sub-06,pitch,STS,,cca,1e-05,3.1622776601683795e-05,2
sub-06,amplitude,MT,,cca,0.01,0.31622776601683794,1
sub-06,amplitude,STS,,cca,1e-05,3.1622776601683795e-05,2
sub-06,music,MT,,cca,0.1,0.0031622776601683794,1
sub-06,music,STS,,cca,1.0,0.0001,2
sub-06,speaking,MT,,cca,0.0001,0.0001,1
sub-06,speaking,STS,,cca,1e-05,1.0,2
sub-06,turn_taking,MT,,cca,1e-05,1.0,1
sub-06,turn_taking,STS,,cca,1e-05,1e-05,2
sub-06,mentalization,MT,,cca,0.01,0.0001,1
sub-06,mentalization,STS,,cca,1.0,0.0031622776601683794,2
sub-06,written_text,MT,,cca,0.01,1e-05,1
sub-06,written_text,STS,,cca,1e-05,0.00031622776601683794,2
sub-07,pixel,MT,,cca,1.0,0.001,2
sub-07,pixel,STS,,cca,1e-05,0.0001,2
sub-07,hue,MT,,cca,1e-05,0.1,2
sub-07,hue,STS,,cca,1e-05,0.0031622776601683794,2
sub-07,face,MT,,cca,0.03162277660168379,0.00031622776601683794,2
sub-07,face,STS,,cca,1.0,0.03162277660168379,2
sub-07,num_agents,MT,,cca,1e-05,0.00031622776601683794,2
sub-07,num_agents,STS,,cca,1.0,0.0031622776601683794,2
sub-07,social,MT,,cca,1e-05,0.03162277660168379,2
sub-07,social,STS,,cca,1e-05,0.1,2
sub-07,valence,MT,,cca,1e-05,0.00031622776601683794,2
sub-07,valence,STS,,cca,1.0,0.001,2
sub-07,arousal,MT,,cca,1.0,3.1622776601683795e-05,2
sub-07,arousal,STS,,cca,1.0,3.1622776601683795e-05,2
sub-07,pitch,MT,,cca,1.0,0.0031622776601683794,2
sub-07,pitch,STS,,cca,1.0,0.00031622776601683794,2
sub-07,amplitude,MT,,cca,1.0,0.01,2
sub-07,amplitude,STS,,cca,1.0,0.03162277660168379,2
sub-07,music,MT,,cca,1.0,0.0001,2
sub-07,music,STS,,cca,1.0,0.0001,2
sub-07,speaking,MT,,cca,1e-05,0.31622776601683794,2
sub-07,speaking,STS,,cca,1e-05,1.0,2
sub-07,turn_taking,MT,,cca,1e-05,3.1622776601683795e-05,2
sub-07,turn_taking,STS,,cca,1.0,0.0031622776601683794,2
sub-07,mentalization,MT,,cca,0.31622776601683794,0.01,2
sub-07,mentalization,STS,,cca,1e-05,0.0001,2
sub-07,written_text,MT,,cca,1.0,0.0001,2
sub-07,written_text,STS,,cca,1e-05,0.01,2
sub-08,pixel,MT,,cca,1e-05,1e-05,2
sub-08,pixel,STS,,cca,1e-05,0.03162277660168379,2
sub-08,hue,MT,,cca,1.0,0.00031622776601683794,2
sub-08,hue,STS,,cca,1e-05,1e-05,2
sub-08,face,MT,,cca,1.0,0.03162277660168379,2
sub-08,face,STS,,cca,1e-05,1.0,2
sub-08,num_agents,MT,,cca,1.0,1e-05,2
sub-08,num_agents,STS,,cca,0.31622776601683794,0.0031622776601683794,2
sub-08,social,MT,,cca,1.0,3.1622776601683795e-05,2
sub-08,social,STS,,cca,0.31622776601683794,0.00031622776601683794,2
sub-08,valence,MT,,cca,1.0,0.03162277660168379,2
sub-08,valence,STS,,cca,1e-05,0.0001,2
sub-08,arousal,MT,,cca,1e-05,3.1622776601683795e-05,2
sub-08,arousal,STS,,cca,1.0,0.1,2
sub-08,pitch,MT,,cca,1.0,0.00031622776601683794,2
sub-08,pitch,STS,,cca,1.0,0.00031622776601683794,2
sub-08,amplitude,MT,,cca,1e-05,0.1,2
sub-08,amplitude,STS,,cca,1.0,0.00031622776601683794,2
sub-08,music,MT,,cca,1e-05,0.31622776601683794,2
sub-08,music,STS,,cca,1e-05,0.31622776601683794,2
sub-08,speaking,MT,,cca,1.0,0.31622776601683794,2
sub-08,speaking,STS,,cca,1e-05,0.0001,2
sub-08,turn_taking,MT,,cca,1.0,0.00031622776601683794,2
sub-08,turn_taking,STS,,cca,1.0,0.00031622776601683794,2
sub-08,mentalization,MT,,cca,0.31622776601683794,0.001,2
sub-08,mentalization,STS,,cca,1e-05,0.0001,2
sub-08,written_text,MT,,cca,1.0,0.0001,2
sub-08,written_text,STS,,cca,1.0,0.1,2
sub-09,pixel,MT,,cca,0.31622776601683794,3.1622776601683795e-05,2
sub-09,pixel,STS,,cca,1e-05,0.0031622776601683794,2
sub-09,hue,MT,,cca,1.0,0.001,2
sub-09,hue,STS,,cca,1e-05,0.1,2
sub-09,face,MT,,cca,1.0,3.1622776601683795e-05,2
sub-09,face,STS,,cca,1.0,0.0031622776601683794,2
sub-09,num_agents,MT,,cca,1.0,0.03162277660168379,2
sub-09,num_agents,STS,,cca,1e-05,0.31622776601683794,2
sub-09,social,MT,,cca,1e-05,0.00031622776601683794,2
sub-09,social,STS,,cca,1.0,0.01,2
sub-09,valence,MT,,cca,1e-05,0.00031622776601683794,2
sub-09,valence,STS,,cca,1e-05,0.0031622776601683794,2
sub-09,arousal,MT,,cca,0.31622776601683794,0.01,2
sub-09,arousal,STS,,cca,1e-05,0.03162277660168379,2
sub-09,pitch,MT,,cca,1.0,1.0,2
sub-09,pitch,STS,,cca,1.0,0.00031622776601683794,2
sub-09,amplitude,MT,,cca,1.0,0.00031622776601683794,2
sub-09,amplitude,STS,,cca,1.0,0.001,2
sub-09,music,MT,,cca,1.0,0.1,2
sub-09,music,STS,,cca,1.0,1.0,2
sub-09,speaking,MT,,cca,1e-05,0.01,2
sub-09,speaking,STS,,cca,1.0,0.31622776601683794,2
sub-09,turn_taking,MT,,cca,1e-05,0.03162277660168379,2
sub-09,turn_taking,STS,,cca,1.0,0.0031622776601683794,2
sub-09,mentalization,MT,,cca,1e-05,1e-05,2
sub-09,mentalization,STS,,cca,1e-05,0.001,2
sub-09,written_text,MT,,cca,1.0,0.0001,2
sub-09,written_text,STS,,cca,1e-05,0.0031622776601683794,2
sub-10,pixel,MT,,cca,1.0,0.00031622776601683794,2
sub-10,pixel,STS,,cca,0.1,1.0,1
sub-10,hue,MT,,cca,1e-05,1e-05,2
sub-10,hue,STS,,cca,0.31622776601683794,1e-05,1
sub-10,face,MT,,cca,1.0,0.31622776601683794,2
sub-10,face,STS,,cca,0.31622776601683794,0.31622776601683794,1
sub-10,num_agents,MT,,cca,1.0,0.0031622776601683794,2
sub-10,num_agents,STS,,cca,0.1,0.001,1
sub-10,social,MT,,cca,1.0,3.1622776601683795e-05,2
sub-10,social,STS,,cca,0.31622776601683794,1.0,1
sub-10,valence,MT,,cca,1.0,0.03162277660168379,2
sub-10,valence,STS,,cca,0.0001,0.03162277660168379,1
sub-10,arousal,MT,,cca,1.0,0.31622776601683794,2
sub-10,arousal,STS,,cca,0.1,0.0031622776601683794,1
sub-10,pitch,MT,,cca,1.0,0.00031622776601683794,2
sub-10,pitch,STS,,cca,0.1,0.0031622776601683794,1
sub-10,amplitude,MT,,cca,1e-05,0.1,2
sub-10,amplitude,STS,,cca,0.1,0.0031622776601683794,1
sub-10,music,MT,,cca,1e-05,0.0001,2
sub-10,music,STS,,cca,3.1622776601683795e-05,0.03162277660168379,1
sub-10,speaking,MT,,cca,1.0,0.001,2
sub-10,speaking,STS,,cca,0.1,0.001,1
sub-10,turn_taking,MT,,cca,1e-05,1e-05,2
sub-10,turn_taking,STS,,cca,0.31622776601683794,0.1,1
sub-10,mentalization,MT,,cca,1e-05,0.0031622776601683794,2
sub-10,mentalization,STS,,cca,0.0001,0.0001,1
sub-10,written_text,MT,,cca,1e-05,0.00031622776601683794,2
sub-10,written_text,STS,,cca,0.1,0.31622776601683794,1
sub-14,pixel,MT,,cca,0.01,0.01,1
sub-14,pixel,STS,,cca,1e-05,1e-05,2
sub-14,hue,MT,,cca,0.01,0.01,1
sub-14,hue,STS,,cca,1e-05,3.1622776601683795e-05,2
sub-14,face,MT,,cca,0.01,0.03162277660168379,1
sub-14,face,STS,,cca,1e-05,0.00031622776601683794,2
sub-14,num_agents,MT,,cca,1e-05,0.0001,1
sub-14,num_agents,STS,,cca,1e-05,0.03162277660168379,2
sub-14,social,MT,,cca,0.0031622776601683794,0.31622776601683794,1
sub-14,social,STS,,cca,1e-05,0.1,2
sub-14,valence,MT,,cca,0.01,0.31622776601683794,1
sub-14,valence,STS,,cca,1.0,0.03162277660168379,2
sub-14,arousal,MT,,cca,0.00031622776601683794,0.1,1
sub-14,arousal,STS,,cca,1.0,0.31622776601683794,2
sub-14,pitch,MT,,cca,0.01,0.03162277660168379,1
sub-14,pitch,STS,,cca,1.0,0.0031622776601683794,2
sub-14,amplitude,MT,,cca,0.01,0.31622776601683794,1
sub-14,amplitude,STS,,cca,1.0,0.001,2
sub-14,music,MT,,cca,0.1,0.0031622776601683794,1
sub-14,music,STS,,cca,1e-05,0.001,2
sub-14,speaking,MT,,cca,0.0001,0.0001,1
sub-14,speaking,STS,,cca,1e-05,0.03162277660168379,2
sub-14,turn_taking,MT,,cca,1e-05,1.0,1
sub-14,turn_taking,STS,,cca,1e-05,0.001,2
sub-14,mentalization,MT,,cca,0.01,0.0001,1
sub-14,mentalization,STS,,cca,1e-05,0.1,2
sub-14,written_text,MT,,cca,0.01,1e-05,1
sub-14,written_text,STS,,cca,1.0,0.1,2
sub-15,pixel,MT,,cca,1e-05,0.31622776601683794,2
sub-15,pixel,STS,,cca,1.0,1.0,2
sub-15,hue,MT,,cca,1e-05,1.0,2
sub-15,hue,STS,,cca,1.0,1.0,2
sub-15,face,MT,,cca,1.0,0.01,2
sub-15,face,STS,,cca,1e-05,3.1622776601683795e-05,2
sub-15,num_agents,MT,,cca,1.0,1e-05,2
sub-15,num_agents,STS,,cca,1e-05,0.01,2
sub-15,social,MT,,cca,1.0,0.001,2
sub-15,social,STS,,cca,1.0,0.01,2
sub-15,valence,MT,,cca,1.0,0.03162277660168379,2
sub-15,valence,STS,,cca,1.0,0.03162277660168379,2
sub-15,arousal,MT,,cca,1.0,0.31622776601683794,2
sub-15,arousal,STS,,cca,1.0,0.31622776601683794,2
sub-15,pitch,MT,,cca,1.0,0.0031622776601683794,2
sub-15,pitch,STS,,cca,1e-05,0.0001,2
sub-15,amplitude,MT,,cca,1e-05,0.01,2
sub-15,amplitude,STS,,cca,1e-05,1e-05,2
sub-15,music,MT,,cca,1e-05,0.31622776601683794,2
sub-15,music,STS,,cca,1.0,0.0031622776601683794,2
sub-15,speaking,MT,,cca,1.0,1e-05,2
sub-15,speaking,STS,,cca,1e-05,1.0,2
sub-15,turn_taking,MT,,cca,1.0,1.0,2
sub-15,turn_taking,STS,,cca,1e-05,0.0031622776601683794,2
sub-15,mentalization,MT,,cca,1.0,0.03162277660168379,2
sub-15,mentalization,STS,,cca,1e-05,0.0031622776601683794,2
sub-15,written_text,MT,,cca,1.0,0.1,2
sub-15,written_text,STS,,cca,1.0,0.0001,2
sub-16,pixel,MT,,cca,0.01,0.01,1
sub-16,pixel,STS,,cca,1e-05,0.31622776601683794,2
sub-16,hue,MT,,cca,0.01,0.01,1
sub-16,hue,STS,,cca,1e-05,1.0,2
sub-16,face,MT,,cca,0.01,0.03162277660168379,1
sub-16,face,STS,,cca,1.0,0.001,2
sub-16,num_agents,MT,,cca,1e-05,0.0001,1
sub-16,num_agents,STS,,cca,1e-05,0.01,2
sub-16,social,MT,,cca,0.0031622776601683794,0.31622776601683794,1
sub-16,social,STS,,cca,1.0,0.001,2
sub-16,valence,MT,,cca,0.01,0.31622776601683794,1
sub-16,valence,STS,,cca,1.0,1.0,2
sub-16,arousal,MT,,cca,0.00031622776601683794,0.1,1
sub-16,arousal,STS,,cca,1e-05,3.1622776601683795e-05,2
sub-16,pitch,MT,,cca,0.01,0.03162277660168379,1
sub-16,pitch,STS,,cca,1.0,0.00031622776601683794,2
sub-16,amplitude,MT,,cca,0.01,0.31622776601683794,1
sub-16,amplitude,STS,,cca,1.0,0.001,2
sub-16,music,MT,,cca,0.1,0.0031622776601683794,1
sub-16,music,STS,,cca,1.0,0.1,2
sub-16,speaking,MT,,cca,0.0001,0.0001,1
sub-16,speaking,STS,,cca,1e-05,0.01,2
sub-16,turn_taking,MT,,cca,1e-05,1.0,1
sub-16,turn_taking,STS,,cca,1.0,0.0001,2
sub-16,mentalization,MT,,cca,0.01,0.0001,1
sub-16,mentalization,STS,,cca,1e-05,0.001,2
sub-16,written_text,MT,,cca,0.01,1e-05,1
sub-16,written_text,STS,,cca,1.0,0.1,2
sub-19,pixel,MT,,cca,0.01,0.01,1
sub-19,pixel,STS,,cca,1e-05,0.001,2
sub-19,pixel,temporal,,cca,1e-05,0.01,2
sub-19,pixel,frontal,,cca,1.0,0.31622776601683794,2
sub-19,hue,MT,,cca,0.01,0.01,1
sub-19,hue,STS,,cca,1.0,0.1,2
sub-19,hue,temporal,,cca,0.31622776601683794,1e-05,2
sub-19,hue,frontal,,cca,1.0,0.00031622776601683794,2
sub-19,face,MT,,cca,0.01,0.03162277660168379,1
sub-19,face,STS,,cca,1e-05,0.0001,2
sub-19,face,temporal,,cca,0.1,0.0001,2
sub-19,face,frontal,,cca,1.0,0.03162277660168379,2
sub-19,num_agents,MT,,cca,1e-05,0.0001,1
sub-19,num_agents,STS,,cca,1.0,0.0001,2
sub-19,num_agents,temporal,,cca,1.0,0.1,2
sub-19,num_agents,frontal,,cca,1.0,0.0031622776601683794,2
sub-19,social,MT,,cca,0.0031622776601683794,0.31622776601683794,1
sub-19,social,STS,,cca,1e-05,0.01,2
sub-19,social,temporal,,cca,1e-05,1.0,2
sub-19,social,frontal,,cca,1.0,3.1622776601683795e-05,2
sub-19,valence,MT,,cca,0.01,0.31622776601683794,1
sub-19,valence,STS,,cca,1e-05,0.00031622776601683794,2
sub-19,valence,temporal,,cca,1e-05,0.00031622776601683794,2
sub-19,valence,frontal,,cca,0.31622776601683794,0.03162277660168379,2
sub-19,arousal,MT,,cca,0.00031622776601683794,0.1,1
sub-19,arousal,STS,,cca,1.0,1e-05,2
sub-19,arousal,temporal,,cca,1e-05,0.31622776601683794,2
sub-19,arousal,frontal,,cca,1e-05,0.0031622776601683794,2
sub-19,pitch,MT,,cca,0.01,0.03162277660168379,1
sub-19,pitch,STS,,cca,1e-05,0.0001,2
sub-19,pitch,temporal,,cca,1e-05,0.01,2
sub-19,pitch,frontal,,cca,1e-05,3.1622776601683795e-05,2
sub-19,amplitude,MT,,cca,0.01,0.31622776601683794,1
sub-19,amplitude,STS,,cca,1e-05,0.1,2
sub-19,amplitude,temporal,,cca,1.0,0.00031622776601683794,2
sub-19,amplitude,frontal,,cca,1.0,0.001,2
sub-19,music,MT,,cca,0.1,0.0031622776601683794,1
sub-19,music,STS,,cca,1.0,3.1622776601683795e-05,2
sub-19,music,temporal,,cca,1e-05,0.0001,2
sub-19,music,frontal,,cca,1e-05,0.0001,2
sub-19,speaking,MT,,cca,0.0001,0.0001,1
sub-19,speaking,STS,,cca,1e-05,0.0001,2
sub-19,speaking,temporal,,cca,1e-05,0.01,2
sub-19,speaking,frontal,,cca,1.0,0.0001,2
sub-19,turn_taking,MT,,cca,1e-05,1.0,1
sub-19,turn_taking,STS,,cca,1.0,3.1622776601683795e-05,2
sub-19,turn_taking,temporal,,cca,1e-05,0.03162277660168379,2
sub-19,turn_taking,frontal,,cca,1.0,0.03162277660168379,2
sub-19,mentalization,MT,,cca,0.01,0.0001,1
sub-19,mentalization,STS,,cca,1e-05,0.0031622776601683794,2
sub-19,mentalization,temporal,,cca,1.0,0.001,2
sub-19,mentalization,frontal,,cca,1e-05,0.001,2
sub-19,written_text,MT,,cca,0.01,1e-05,1
sub-19,written_text,STS,,cca,1.0,0.0001,2
sub-19,written_text,temporal,,cca,1e-05,0.001,2
sub-19,written_text,frontal,,cca,1e-05,0.001,2
sub-23,pixel,MT,,cca,0.01,0.01,1
sub-23,pixel,STS,,cca,1e-05,0.0031622776601683794,2
sub-23,pixel,temporal,,cca,1e-05,0.03162277660168379,2
sub-23,pixel,frontal,,cca,1e-05,0.0001,2
sub-23,hue,MT,,cca,0.01,0.01,1
sub-23,hue,STS,,cca,1e-05,3.1622776601683795e-05,2
sub-23,hue,temporal,,cca,1e-05,1e-05,2
sub-23,hue,frontal,,cca,1e-05,0.0031622776601683794,2
sub-23,face,MT,,cca,0.01,0.03162277660168379,1
sub-23,face,STS,,cca,0.1,1e-05,2
sub-23,face,temporal,,cca,1e-05,1.0,2
sub-23,face,frontal,,cca,1e-05,0.31622776601683794,2
sub-23,num_agents,MT,,cca,1e-05,0.0001,1
sub-23,num_agents,STS,,cca,1e-05,0.0031622776601683794,2
sub-23,num_agents,temporal,,cca,1.0,0.03162277660168379,2
sub-23,num_agents,frontal,,cca,1e-05,3.1622776601683795e-05,2
sub-23,social,MT,,cca,0.0031622776601683794,0.31622776601683794,1
sub-23,social,STS,,cca,0.03162277660168379,0.1,2
sub-23,social,temporal,,cca,1e-05,0.1,2
sub-23,social,frontal,,cca,1.0,0.31622776601683794,2
sub-23,valence,MT,,cca,0.01,0.31622776601683794,1
sub-23,valence,STS,,cca,1e-05,1e-05,2
sub-23,valence,temporal,,cca,1.0,0.03162277660168379,2
sub-23,valence,frontal,,cca,1e-05,0.1,2
sub-23,arousal,MT,,cca,0.00031622776601683794,0.1,1
sub-23,arousal,STS,,cca,1.0,3.1622776601683795e-05,2
sub-23,arousal,temporal,,cca,1e-05,0.1,2
sub-23,arousal,frontal,,cca,1.0,0.03162277660168379,2
sub-23,pitch,MT,,cca,0.01,0.03162277660168379,1
sub-23,pitch,STS,,cca,1e-05,3.1622776601683795e-05,2
sub-23,pitch,temporal,,cca,1e-05,3.1622776601683795e-05,2
sub-23,pitch,frontal,,cca,1e-05,0.0001,2
sub-23,amplitude,MT,,cca,0.01,0.31622776601683794,1
sub-23,amplitude,STS,,cca,1.0,0.001,2
sub-23,amplitude,temporal,,cca,0.31622776601683794,0.1,2
sub-23,amplitude,frontal,,cca,1e-05,0.1,2
sub-23,music,MT,,cca,0.1,0.0031622776601683794,1
sub-23,music,STS,,cca,1e-05,0.1,2
sub-23,music,temporal,,cca,1.0,3.1622776601683795e-05,2
sub-23,music,frontal,,cca,1.0,0.001,2
sub-23,speaking,MT,,cca,0.0001,0.0001,1
sub-23,speaking,STS,,cca,1.0,0.00031622776601683794,2
sub-23,speaking,temporal,,cca,1.0,0.31622776601683794,2
sub-23,speaking,frontal,,cca,1.0,0.00031622776601683794,2
sub-23,turn_taking,MT,,cca,1e-05,1.0,1
sub-23,turn_taking,STS,,cca,1.0,0.03162277660168379,2
sub-23,turn_taking,temporal,,cca,1.0,0.03162277660168379,2
sub-23,turn_taking,frontal,,cca,1.0,0.1,2
sub-23,mentalization,MT,,cca,0.01,0.0001,1
sub-23,mentalization,STS,,cca,1e-05,0.1,2
sub-23,mentalization,temporal,,cca,1e-05,0.0001,2
sub-23,mentalization,frontal,,cca,1.0,0.01,2
sub-23,written_text,MT,,cca,0.01,1e-05,1
sub-23,written_text,STS,,cca,1.0,0.01,2
sub-23,written_text,temporal,,cca,1.0,0.1,2
sub-23,written_text,frontal,,cca,1.0,0.1,2
sub-25,pixel,MT,,cca,0.01,0.01,1
sub-25,pixel,STS,,cca,1.0,0.00031622776601683794,2
sub-25,pixel,temporal,,cca,1.0,0.03162277660168379,2
sub-25,pixel,frontal,,cca,1.0,0.03162277660168379,2
sub-25,hue,MT,,cca,0.01,0.01,1
sub-25,hue,STS,,cca,1e-05,0.0031622776601683794,2
sub-25,hue,temporal,,cca,1e-05,0.1,2
sub-25,hue,frontal,,cca,1.0,0.1,2
sub-25,face,MT,,cca,0.01,0.03162277660168379,1
sub-25,face,STS,,cca,0.31622776601683794,0.0031622776601683794,2
sub-25,face,temporal,,cca,1e-05,0.0001,2
sub-25,face,frontal,,cca,1.0,0.0001,2
sub-25,num_agents,MT,,cca,1e-05,0.0001,1
sub-25,num_agents,STS,,cca,1.0,3.1622776601683795e-05,2
sub-25,num_agents,temporal,,cca,1.0,0.01,2
sub-25,num_agents,frontal,,cca,1e-05,0.0001,2
sub-25,social,MT,,cca,0.0031622776601683794,0.31622776601683794,1
sub-25,social,STS,,cca,1e-05,3.1622776601683795e-05,2
sub-25,social,temporal,,cca,1e-05,0.01,2
sub-25,social,frontal,,cca,1.0,0.001,2
sub-25,valence,MT,,cca,0.01,0.31622776601683794,1
sub-25,valence,STS,,cca,1e-05,0.00031622776601683794,2
sub-25,valence,temporal,,cca,1e-05,0.03162277660168379,2
sub-25,valence,frontal,,cca,1e-05,1.0,2
sub-25,arousal,MT,,cca,0.00031622776601683794,0.1,1
sub-25,arousal,STS,,cca,1.0,0.03162277660168379,2
sub-25,arousal,temporal,,cca,1e-05,1.0,2
sub-25,arousal,frontal,,cca,1e-05,0.0001,2
sub-25,pitch,MT,,cca,0.01,0.03162277660168379,1
sub-25,pitch,STS,,cca,1e-05,1e-05,2
sub-25,pitch,temporal,,cca,1.0,0.0001,2
sub-25,pitch,frontal,,cca,1e-05,1e-05,2
sub-25,amplitude,MT,,cca,0.01,0.31622776601683794,1
sub-25,amplitude,STS,,cca,1.0,0.00031622776601683794,2
sub-25,amplitude,temporal,,cca,1e-05,1e-05,2
sub-25,amplitude,frontal,,cca,1e-05,0.0031622776601683794,2
sub-25,music,MT,,cca,0.1,0.0031622776601683794,1
sub-25,music,STS,,cca,1.0,1e-05,2
sub-25,music,temporal,,cca,1e-05,0.01,2
sub-25,music,frontal,,cca,1.0,0.0031622776601683794,2
sub-25,speaking,MT,,cca,0.0001,0.0001,1
sub-25,speaking,STS,,cca,1e-05,1.0,2
sub-25,speaking,temporal,,cca,1e-05,1.0,2
sub-25,speaking,frontal,,cca,1.0,0.01,2
sub-25,turn_taking,MT,,cca,1e-05,1.0,1
sub-25,turn_taking,STS,,cca,1e-05,0.001,2
sub-25,turn_taking,temporal,,cca,1e-05,0.0001,2
sub-25,turn_taking,frontal,,cca,1e-05,3.1622776601683795e-05,2
sub-25,mentalization,MT,,cca,0.01,0.0001,1
sub-25,mentalization,STS,,cca,1.0,0.1,2
sub-25,mentalization,temporal,,cca,1.0,1.0,2
sub-25,mentalization,frontal,,cca,1e-05,0.001,2
sub-25,written_text,MT,,cca,0.01,1e-05,1
sub-25,written_text,STS,,cca,1.0,1e-05,2
sub-25,written_text,temporal,,cca,1e-05,0.001,2
sub-25,written_text,frontal,,cca,1e-05,3.1622776601683795e-05,2
sub-26,pixel,MT,,cca,1.0,0.001,2
sub-26,pixel,STS,,cca,1.0,0.03162277660168379,2
sub-26,pixel,temporal,,cca,1.0,0.03162277660168379,2
sub-26,pixel,frontal,,cca,1.0,0.01,2
sub-26,hue,MT,,cca,1.0,0.00031622776601683794,2
sub-26,hue,STS,,cca,1e-05,3.1622776601683795e-05,2
sub-26,hue,temporal,,cca,1e-05,0.03162277660168379,2
sub-26,hue,frontal,,cca,1.0,3.1622776601683795e-05,2
sub-26,face,MT,,cca,1e-05,3.1622776601683795e-05,2
sub-26,face,STS,,cca,1.0,0.00031622776601683794,2
sub-26,face,temporal,,cca,1.0,0.01,2
sub-26,face,frontal,,cca,1.0,0.03162277660168379,2
sub-26,num_agents,MT,,cca,1e-05,0.0031622776601683794,2
sub-26,num_agents,STS,,cca,1.0,0.001,2
sub-26,num_agents,temporal,,cca,1.0,0.0031622776601683794,2
sub-26,num_agents,frontal,,cca,1e-05,0.31622776601683794,2
sub-26,social,MT,,cca,1e-05,3.1622776601683795e-05,2
sub-26,social,STS,,cca,1.0,0.1,2
sub-26,social,temporal,,cca,1.0,3.1622776601683795e-05,2
sub-26,social,frontal,,cca,1.0,0.0031622776601683794,2
sub-26,valence,MT,,cca,1e-05,0.001,2
sub-26,valence,STS,,cca,1.0,0.03162277660168379,2
sub-26,valence,temporal,,cca,0.31622776601683794,0.0001,2
sub-26,valence,frontal,,cca,1.0,0.001,2
sub-26,arousal,MT,,cca,1.0,0.1,2
sub-26,arousal,STS,,cca,1e-05,1e-05,2
sub-26,arousal,temporal,,cca,1e-05,1.0,2
sub-26,arousal,frontal,,cca,1e-05,0.0001,2
sub-26,pitch,MT,,cca,1e-05,0.00031622776601683794,2
sub-26,pitch,STS,,cca,1.0,0.00031622776601683794,2
sub-26,pitch,temporal,,cca,1.0,0.0031622776601683794,2
sub-26,pitch,frontal,,cca,1e-05,1e-05,2
sub-26,amplitude,MT,,cca,1.0,0.0001,2
sub-26,amplitude,STS,,cca,1.0,0.31622776601683794,2
sub-26,amplitude,temporal,,cca,1.0,0.01,2
sub-26,amplitude,frontal,,cca,1e-05,0.01,2
sub-26,music,MT,,cca,1.0,0.0001,2
sub-26,music,STS,,cca,1.0,0.01,2
sub-26,music,temporal,,cca,1.0,3.1622776601683795e-05,2
sub-26,music,frontal,,cca,1.0,3.1622776601683795e-05,2
sub-26,speaking,MT,,cca,1e-05,0.0031622776601683794,2
sub-26,speaking,STS,,cca,1.0,0.00031622776601683794,2
sub-26,speaking,temporal,,cca,1.0,1.0,2
sub-26,speaking,frontal,,cca,1.0,0.31622776601683794,2
sub-26,turn_taking,MT,,cca,1e-05,0.31622776601683794,2
sub-26,turn_taking,STS,,cca,1.0,0.1,2
sub-26,turn_taking,temporal,,cca,1.0,0.31622776601683794,2
sub-26,turn_taking,frontal,,cca,1e-05,0.0001,2
sub-26,mentalization,MT,,cca,1e-05,0.31622776601683794,2
sub-26,mentalization,STS,,cca,1e-05,0.01,2
sub-26,mentalization,temporal,,cca,0.1,1e-05,2
sub-26,mentalization,frontal,,cca,1e-05,1.0,2
sub-26,written_text,MT,,cca,1.0,0.1,2
sub-26,written_text,STS,,cca,1e-05,3.1622776601683795e-05,2
sub-26,written_text,temporal,,cca,1.0,0.0001,2
sub-26,written_text,frontal,,cca,1e-05,0.0001,2
sub-28,pixel,MT,,cca,1e-05,3.1622776601683795e-05,2
sub-28,pixel,STS,,cca,1.0,0.31622776601683794,2
sub-28,pixel,temporal,,cca,1e-05,0.1,2
sub-28,pixel,frontal,,cca,1e-05,1e-05,2
sub-28,hue,MT,,cca,1e-05,1e-05,2
sub-28,hue,STS,,cca,1.0,1.0,2
sub-28,hue,temporal,,cca,1.0,0.0031622776601683794,2
sub-28,hue,frontal,,cca,1.0,0.001,2
sub-28,face,MT,,cca,1e-05,0.31622776601683794,2
sub-28,face,STS,,cca,1.0,0.001,2
sub-28,face,temporal,,cca,1e-05,0.1,2
sub-28,face,frontal,,cca,1.0,0.31622776601683794,2
sub-28,num_agents,MT,,cca,1.0,0.0031622776601683794,2
sub-28,num_agents,STS,,cca,1.0,0.0031622776601683794,2
sub-28,num_agents,temporal,,cca,1.0,1.0,2
sub-28,num_agents,frontal,,cca,1e-05,1e-05,2
sub-28,social,MT,,cca,1.0,0.0001,2
sub-28,social,STS,,cca,1e-05,0.31622776601683794,2
sub-28,social,temporal,,cca,1.0,0.001,2
sub-28,social,frontal,,cca,1e-05,1.0,2
sub-28,valence,MT,,cca,1.0,0.03162277660168379,2
sub-28,valence,STS,,cca,1e-05,0.001,2
sub-28,valence,temporal,,cca,1.0,0.03162277660168379,2
sub-28,valence,frontal,,cca,0.31622776601683794,3.1622776601683795e-05,2
sub-28,arousal,MT,,cca,1e-05,1.0,2
sub-28,arousal,STS,,cca,1e-05,0.31622776601683794,2
sub-28,arousal,temporal,,cca,1e-05,0.1,2
sub-28,arousal,frontal,,cca,1.0,1e-05,2
sub-28,pitch,MT,,cca,1e-05,0.00031622776601683794,2
sub-28,pitch,STS,,cca,1e-05,0.31622776601683794,2
sub-28,pitch,temporal,,cca,1.0,3.1622776601683795e-05,2
sub-28,pitch,frontal,,cca,1e-05,1e-05,2
sub-28,amplitude,MT,,cca,1.0,0.00031622776601683794,2
sub-28,amplitude,STS,,cca,1e-05,0.00031622776601683794,2
sub-28,amplitude,temporal,,cca,1e-05,0.01,2
sub-28,amplitude,frontal,,cca,1.0,0.00031622776601683794,2
sub-28,music,MT,,cca,1e-05,3.1622776601683795e-05,2
sub-28,music,STS,,cca,1.0,0.03162277660168379,2
sub-28,music,temporal,,cca,1e-05,0.03162277660168379,2
sub-28,music,frontal,,cca,1e-05,3.1622776601683795e-05,2
sub-28,speaking,MT,,cca,1e-05,3.1622776601683795e-05,2
sub-28,speaking,STS,,cca,1.0,1e-05,2
sub-28,speaking,temporal,,cca,1e-05,0.001,2
sub-28,speaking,frontal,,cca,1.0,0.03162277660168379,2
sub-28,turn_taking,MT,,cca,1.0,0.00031622776601683794,2
sub-28,turn_taking,STS,,cca,1e-05,1.0,2
sub-28,turn_taking,temporal,,cca,1e-05,3.1622776601683795e-05,2
sub-28,turn_taking,frontal,,cca,0.31622776601683794,0.1,2
sub-28,mentalization,MT,,cca,1e-05,0.00031622776601683794,2
sub-28,mentalization,STS,,cca,1e-05,0.03162277660168379,2
sub-28,mentalization,temporal,,cca,1e-05,3.1622776601683795e-05,2
sub-28,mentalization,frontal,,cca,1e-05,0.01,2
sub-28,written_text,MT,,cca,1e-05,0.01,2
sub-28,written_text,STS,,cca,1e-05,0.31622776601683794,2
sub-28,written_text,temporal,,cca,1e-05,3.1622776601683795e-05,2
sub-28,written_text,frontal,,cca,1.0,0.01,2
sub-32,pixel,MT,,cca,0.01,0.01,1
sub-32,pixel,STS,,cca,1e-05,0.001,2
sub-32,pixel,temporal,,cca,1.0,0.001,2
sub-32,pixel,frontal,,cca,1e-05,0.001,2
sub-32,hue,MT,,cca,0.01,0.01,1
sub-32,hue,STS,,cca,1.0,0.0031622776601683794,2
sub-32,hue,temporal,,cca,1.0,3.1622776601683795e-05,2
sub-32,hue,frontal,,cca,1.0,0.0031622776601683794,2
sub-32,face,MT,,cca,0.01,0.03162277660168379,1
sub-32,face,STS,,cca,1e-05,0.31622776601683794,2
sub-32,face,temporal,,cca,1.0,0.03162277660168379,2
sub-32,face,frontal,,cca,1.0,0.01,2
sub-32,num_agents,MT,,cca,1e-05,0.0001,1
sub-32,num_agents,STS,,cca,1.0,0.0031622776601683794,2
sub-32,num_agents,temporal,,cca,1.0,0.0001,2
sub-32,num_agents,frontal,,cca,1e-05,0.03162277660168379,2
sub-32,social,MT,,cca,0.0031622776601683794,0.31622776601683794,1
sub-32,social,STS,,cca,1.0,1.0,2
sub-32,social,temporal,,cca,1.0,1e-05,2
sub-32,social,frontal,,cca,1e-05,0.31622776601683794,2
sub-32,valence,MT,,cca,0.01,0.31622776601683794,1
sub-32,valence,STS,,cca,1e-05,0.03162277660168379,2
sub-32,valence,temporal,,cca,1e-05,0.00031622776601683794,2
sub-32,valence,frontal,,cca,0.31622776601683794,0.1,2
sub-32,arousal,MT,,cca,0.00031622776601683794,0.1,1
sub-32,arousal,STS,,cca,1.0,0.1,2
sub-32,arousal,temporal,,cca,1e-05,1e-05,2
sub-32,arousal,frontal,,cca,1.0,1e-05,2
sub-32,pitch,MT,,cca,0.01,0.03162277660168379,1
sub-32,pitch,STS,,cca,1.0,0.00031622776601683794,2
sub-32,pitch,temporal,,cca,1.0,0.00031622776601683794,2
sub-32,pitch,frontal,,cca,1e-05,1e-05,2
sub-32,amplitude,MT,,cca,0.01,0.31622776601683794,1
sub-32,amplitude,STS,,cca,1.0,0.00031622776601683794,2
sub-32,amplitude,temporal,,cca,1.0,0.001,2
sub-32,amplitude,frontal,,cca,1.0,0.00031622776601683794,2
sub-32,music,MT,,cca,0.1,0.0031622776601683794,1
sub-32,music,STS,,cca,1.0,0.0001,2
sub-32,music,temporal,,cca,1e-05,3.1622776601683795e-05,2
sub-32,music,frontal,,cca,1e-05,1e-05,2
sub-32,speaking,MT,,cca,0.0001,0.0001,1
sub-32,speaking,STS,,cca,1.0,1e-05,2
sub-32,speaking,temporal,,cca,1.0,1e-05,2
sub-32,speaking,frontal,,cca,1e-05,0.0001,2
sub-32,turn_taking,MT,,cca,1e-05,1.0,1
sub-32,turn_taking,STS,,cca,1e-05,0.00031622776601683794,2
sub-32,turn_taking,temporal,,cca,1e-05,0.31622776601683794,2
sub-32,turn_taking,frontal,,cca,1.0,0.31622776601683794,2
sub-32,mentalization,MT,,cca,0.01,0.0001,1
sub-32,mentalization,STS,,cca,1e-05,0.01,2
sub-32,mentalization,temporal,,cca,1.0,0.001,2
sub-32,mentalization,frontal,,cca,1e-05,0.0031622776601683794,2
sub-32,written_text,MT,,cca,0.01,1e-05,1
sub-32,written_text,STS,,cca,1e-05,1e-05,2
sub-32,written_text,temporal,,cca,1e-05,0.0001,2
sub-32,written_text,frontal,,cca,1e-05,1e-05,2
sub-33,pixel,MT,,cca,1.0,0.0031622776601683794,2
sub-33,pixel,STS,,cca,1e-05,0.0001,2
sub-33,pixel,temporal,,cca,1e-05,0.01,2
sub-33,pixel,frontal,,cca,1.0,0.03162277660168379,2
sub-33,hue,MT,,cca,1e-05,0.0001,2
sub-33,hue,STS,,cca,1e-05,0.001,2
sub-33,hue,temporal,,cca,1e-05,3.1622776601683795e-05,2
sub-33,hue,frontal,,cca,1e-05,1.0,2
sub-33,face,MT,,cca,1.0,0.03162277660168379,2
sub-33,face,STS,,cca,1e-05,1.0,2
sub-33,face,temporal,,cca,1.0,0.03162277660168379,2
sub-33,face,frontal,,cca,1.0,0.00031622776601683794,2
sub-33,num_agents,MT,,cca,1e-05,0.03162277660168379,2
sub-33,num_agents,STS,,cca,1.0,0.03162277660168379,2
sub-33,num_agents,temporal,,cca,1.0,1.0,2
sub-33,num_agents,frontal,,cca,1.0,0.0031622776601683794,2
sub-33,social,MT,,cca,1e-05,0.0001,2
sub-33,social,STS,,cca,1e-05,1e-05,2
sub-33,social,temporal,,cca,1.0,3.1622776601683795e-05,2
sub-33,social,frontal,,cca,1.0,3.1622776601683795e-05,2
sub-33,valence,MT,,cca,1e-05,3.1622776601683795e-05,2
sub-33,valence,STS,,cca,1e-05,0.00031622776601683794,2
sub-33,valence,temporal,,cca,1e-05,1e-05,2
sub-33,valence,frontal,,cca,1e-05,0.03162277660168379,2
sub-33,arousal,MT,,cca,1.0,3.1622776601683795e-05,2
sub-33,arousal,STS,,cca,1e-05,0.1,2
sub-33,arousal,temporal,,cca,1e-05,0.1,2
sub-33,arousal,frontal,,cca,1e-05,3.1622776601683795e-05,2
sub-33,pitch,MT,,cca,0.31622776601683794,0.1,2
sub-33,pitch,STS,,cca,1.0,0.00031622776601683794,2
sub-33,pitch,temporal,,cca,1.0,0.00031622776601683794,2
sub-33,pitch,frontal,,cca,0.1,0.1,2
sub-33,amplitude,MT,,cca,1e-05,0.0001,2
sub-33,amplitude,STS,,cca,1e-05,0.00031622776601683794,2
sub-33,amplitude,temporal,,cca,1e-05,1.0,2
sub-33,amplitude,frontal,,cca,1e-05,0.03162277660168379,2
sub-33,music,MT,,cca,1.0,0.31622776601683794,2
sub-33,music,STS,,cca,1.0,0.00031622776601683794,2
sub-33,music,temporal,,cca,1.0,0.00031622776601683794,2
sub-33,music,frontal,,cca,1e-05,1e-05,2
sub-33,speaking,MT,,cca,1.0,1e-05,2
sub-33,speaking,STS,,cca,1.0,1.0,2
sub-33,speaking,temporal,,cca,1.0,1e-05,2
sub-33,speaking,frontal,,cca,1.0,1e-05,2
sub-33,turn_taking,MT,,cca,1e-05,0.01,2
sub-33,turn_taking,STS,,cca,1e-05,0.0031622776601683794,2
sub-33,turn_taking,temporal,,cca,1e-05,0.00031622776601683794,2
sub-33,turn_taking,frontal,,cca,1e-05,1e-05,2
sub-33,mentalization,MT,,cca,1.0,0.1,2
sub-33,mentalization,STS,,cca,1.0,0.03162277660168379,2
sub-33,mentalization,temporal,,cca,1.0,0.001,2
sub-33,mentalization,frontal,,cca,1.0,0.001,2
sub-33,written_text,MT,,cca,1e-05,0.03162277660168379,2
sub-33,written_text,STS,,cca,0.03162277660168379,0.31622776601683794,2
sub-33,written_text,temporal,,cca,1.0,0.0001,2
sub-33,written_text,frontal,,cca,1.0,0.0001,2
sub-35,pixel,MT,,cca,1e-05,0.31622776601683794,2
sub-35,pixel,STS,,cca,1e-05,0.001,2
sub-35,pixel,temporal,,cca,1e-05,0.01,2
sub-35,pixel,frontal,,cca,1e-05,0.31622776601683794,2
sub-35,hue,MT,,cca,1e-05,0.01,2
sub-35,hue,STS,,cca,1.0,1e-05,2
sub-35,hue,temporal,,cca,0.1,0.1,2
sub-35,hue,frontal,,cca,1.0,0.1,2
sub-35,face,MT,,cca,1.0,0.0001,2
sub-35,face,STS,,cca,1e-05,3.1622776601683795e-05,2
sub-35,face,temporal,,cca,1e-05,0.31622776601683794,2
sub-35,face,frontal,,cca,1.0,0.0031622776601683794,2
sub-35,num_agents,MT,,cca,1.0,0.001,2
sub-35,num_agents,STS,,cca,1.0,0.0031622776601683794,2
sub-35,num_agents,temporal,,cca,1.0,1.0,2
sub-35,num_agents,frontal,,cca,1.0,1.0,2
sub-35,social,MT,,cca,1.0,1.0,2
sub-35,social,STS,,cca,1.0,1e-05,2
sub-35,social,temporal,,cca,1.0,0.0031622776601683794,2
sub-35,social,frontal,,cca,1e-05,0.0031622776601683794,2
sub-35,valence,MT,,cca,1e-05,1e-05,2
sub-35,valence,STS,,cca,1.0,1.0,2
sub-35,valence,temporal,,cca,1.0,0.0031622776601683794,2
sub-35,valence,frontal,,cca,1e-05,0.0001,2
sub-35,arousal,MT,,cca,1.0,0.31622776601683794,2
sub-35,arousal,STS,,cca,1e-05,3.1622776601683795e-05,2
sub-35,arousal,temporal,,cca,1.0,1e-05,2
sub-35,arousal,frontal,,cca,1.0,0.31622776601683794,2
sub-35,pitch,MT,,cca,1.0,0.0031622776601683794,2
sub-35,pitch,STS,,cca,1e-05,1e-05,2
sub-35,pitch,temporal,,cca,1e-05,0.0001,2
sub-35,pitch,frontal,,cca,1e-05,0.00031622776601683794,2
sub-35,amplitude,MT,,cca,1e-05,3.1622776601683795e-05,2
sub-35,amplitude,STS,,cca,1e-05,0.0001,2
sub-35,amplitude,temporal,,cca,1e-05,1.0,2
sub-35,amplitude,frontal,,cca,1e-05,0.01,2
sub-35,music,MT,,cca,1e-05,0.0001,2
sub-35,music,STS,,cca,1e-05,0.31622776601683794,2
sub-35,music,temporal,,cca,1.0,0.31622776601683794,2
sub-35,music,frontal,,cca,1.0,0.31622776601683794,2
sub-35,speaking,MT,,cca,1.0,0.01,2
sub-35,speaking,STS,,cca,1.0,1e-05,2
sub-35,speaking,temporal,,cca,1.0,1e-05,2
sub-35,speaking,frontal,,cca,1.0,0.0001,2
sub-35,turn_taking,MT,,cca,1e-05,0.0001,2
sub-35,turn_taking,STS,,cca,1e-05,0.03162277660168379,2
sub-35,turn_taking,temporal,,cca,1e-05,0.001,2
sub-35,turn_taking,frontal,,cca,1.0,0.03162277660168379,2
sub-35,mentalization,MT,,cca,1.0,0.1,2
sub-35,mentalization,STS,,cca,1e-05,0.31622776601683794,2
sub-35,mentalization,temporal,,cca,1.0,0.31622776601683794,2
sub-35,mentalization,frontal,,cca,1e-05,0.01,2
sub-35,written_text,MT,,cca,1e-05,0.03162277660168379,2
sub-35,written_text,STS,,cca,1.0,0.0001,2
sub-35,written_text,temporal,,cca,1.0,0.001,2
sub-35,written_text,frontal,,cca,1.0,1e-05,2
sub-36,pixel,MT,,cca,1.0,0.001,2
sub-36,pixel,STS,,cca,1.0,0.03162277660168379,2
sub-36,pixel,temporal,,cca,1.0,0.001,2
sub-36,pixel,frontal,,cca,1.0,0.01,2
sub-36,hue,MT,,cca,1.0,0.001,2
sub-36,hue,STS,,cca,1e-05,0.31622776601683794,2
sub-36,hue,temporal,,cca,1e-05,0.001,2
sub-36,hue,frontal,,cca,1.0,0.1,2
sub-36,face,MT,,cca,1e-05,0.001,2
sub-36,face,STS,,cca,1.0,1.0,2
sub-36,face,temporal,,cca,1.0,0.03162277660168379,2
sub-36,face,frontal,,cca,1.0,0.03162277660168379,2
sub-36,num_agents,MT,,cca,1.0,0.0031622776601683794,2
sub-36,num_agents,STS,,cca,1e-05,1e-05,2
sub-36,num_agents,temporal,,cca,1e-05,0.001,2
sub-36,num_agents,frontal,,cca,1.0,0.03162277660168379,2
sub-36,social,MT,,cca,1e-05,0.001,2
sub-36,social,STS,,cca,1.0,0.1,2
sub-36,social,temporal,,cca,1e-05,0.0001,2
sub-36,social,frontal,,cca,1.0,3.1622776601683795e-05,2
sub-36,valence,MT,,cca,1e-05,0.31622776601683794,2
sub-36,valence,STS,,cca,1.0,0.03162277660168379,2
sub-36,valence,temporal,,cca,1.0,1.0,2
sub-36,valence,frontal,,cca,1.0,0.03162277660168379,2
sub-36,arousal,MT,,cca,1.0,3.1622776601683795e-05,2
sub-36,arousal,STS,,cca,1.0,3.1622776601683795e-05,2
sub-36,arousal,temporal,,cca,1.0,1e-05,2
sub-36,arousal,frontal,,cca,1e-05,0.0031622776601683794,2
sub-36,pitch,MT,,cca,1e-05,0.00031622776601683794,2
sub-36,pitch,STS,,cca,1e-05,3.1622776601683795e-05,2
sub-36,pitch,temporal,,cca,1e-05,0.1,2
sub-36,pitch,frontal,,cca,1.0,0.0031622776601683794,2
sub-36,amplitude,MT,,cca,1.0,0.0001,2
sub-36,amplitude,STS,,cca,1e-05,0.01,2
sub-36,amplitude,temporal,,cca,1e-05,0.00031622776601683794,2
sub-36,amplitude,frontal,,cca,1e-05,0.00031622776601683794,2
sub-36,music,MT,,cca,1.0,0.0001,2
sub-36,music,STS,,cca,1e-05,0.001,2
sub-36,music,temporal,,cca,1.0,0.00031622776601683794,2
sub-36,music,frontal,,cca,1e-05,0.00031622776601683794,2
sub-36,speaking,MT,,cca,1e-05,0.0031622776601683794,2
sub-36,speaking,STS,,cca,1.0,3.1622776601683795e-05,2
sub-36,speaking,temporal,,cca,1.0,1e-05,2
sub-36,speaking,frontal,,cca,1.0,1.0,2
sub-36,turn_taking,MT,,cca,1e-05,1e-05,2
sub-36,turn_taking,STS,,cca,1.0,0.0001,2
sub-36,turn_taking,temporal,,cca,1.0,0.03162277660168379,2
sub-36,turn_taking,frontal,,cca,1.0,0.03162277660168379,2
sub-36,mentalization,MT,,cca,1.0,0.0031622776601683794,2
sub-36,mentalization,STS,,cca,1.0,0.001,2
sub-36,mentalization,temporal,,cca,1.0,0.0031622776601683794,2
sub-36,mentalization,frontal,,cca,1e-05,0.01,2
sub-36,written_text,MT,,cca,1.0,0.0001,2
sub-36,written_text,STS,,cca,1e-05,0.03162277660168379,2
sub-36,written_text,temporal,,cca,1e-05,0.00031622776601683794,2
sub-36,written_text,frontal,,cca,1e-05,0.01,2
sub-38,pixel,MT,,cca,1.0,0.00031622776601683794,2
sub-38,pixel,STS,,cca,1e-05,0.001,2
sub-38,pixel,temporal,,cca,1.0,0.31622776601683794,2
sub-38,pixel,frontal,,cca,1e-05,1e-05,2
sub-38,hue,MT,,cca,1.0,0.00031622776601683794,2
sub-38,hue,STS,,cca,1.0,0.00031622776601683794,2
sub-38,hue,temporal,,cca,1.0,1e-05,2
sub-38,hue,frontal,,cca,1.0,0.00031622776601683794,2
sub-38,face,MT,,cca,1.0,0.01,2
sub-38,face,STS,,cca,1.0,1.0,2
sub-38,face,temporal,,cca,1e-05,0.31622776601683794,2
sub-38,face,frontal,,cca,1e-05,0.1,2
sub-38,num_agents,MT,,cca,1.0,0.0031622776601683794,2
sub-38,num_agents,STS,,cca,1.0,0.0031622776601683794,2
sub-38,num_agents,temporal,,cca,1.0,0.0031622776601683794,2
sub-38,num_agents,frontal,,cca,1e-05,0.03162277660168379,2
sub-38,social,MT,,cca,1e-05,0.00031622776601683794,2
sub-38,social,STS,,cca,1.0,0.001,2
sub-38,social,temporal,,cca,1e-05,0.31622776601683794,2
sub-38,social,frontal,,cca,1.0,0.01,2
sub-38,valence,MT,,cca,1.0,1.0,2
sub-38,valence,STS,,cca,0.31622776601683794,0.1,2
sub-38,valence,temporal,,cca,1e-05,0.31622776601683794,2
sub-38,valence,frontal,,cca,0.31622776601683794,0.31622776601683794,2
sub-38,arousal,MT,,cca,1.0,3.1622776601683795e-05,2
sub-38,arousal,STS,,cca,1.0,3.1622776601683795e-05,2
sub-38,arousal,temporal,,cca,1e-05,1e-05,2
sub-38,arousal,frontal,,cca,1e-05,0.0001,2
sub-38,pitch,MT,,cca,1.0,3.1622776601683795e-05,2
sub-38,pitch,STS,,cca,1.0,0.00031622776601683794,2
sub-38,pitch,temporal,,cca,1.0,1.0,2
sub-38,pitch,frontal,,cca,1.0,0.00031622776601683794,2
sub-38,amplitude,MT,,cca,1.0,0.00031622776601683794,2
sub-38,amplitude,STS,,cca,1e-05,0.01,2
sub-38,amplitude,temporal,,cca,1e-05,1e-05,2
sub-38,amplitude,frontal,,cca,1.0,0.0001,2
sub-38,music,MT,,cca,1.0,3.1622776601683795e-05,2
sub-38,music,STS,,cca,1.0,3.1622776601683795e-05,2
sub-38,music,temporal,,cca,1.0,0.00031622776601683794,2
sub-38,music,frontal,,cca,1e-05,0.0031622776601683794,2
sub-38,speaking,MT,,cca,1.0,1e-05,2
sub-38,speaking,STS,,cca,1e-05,0.03162277660168379,2
sub-38,speaking,temporal,,cca,1.0,0.001,2
sub-38,speaking,frontal,,cca,1.0,0.0031622776601683794,2
sub-38,turn_taking,MT,,cca,1.0,0.00031622776601683794,2
sub-38,turn_taking,STS,,cca,1.0,0.0001,2
sub-38,turn_taking,temporal,,cca,1.0,0.03162277660168379,2
sub-38,turn_taking,frontal,,cca,1.0,0.001,2
sub-38,mentalization,MT,,cca,1.0,0.03162277660168379,2
sub-38,mentalization,STS,,cca,1e-05,3.1622776601683795e-05,2
sub-38,mentalization,temporal,,cca,1e-05,0.0031622776601683794,2
sub-38,mentalization,frontal,,cca,1.0,3.1622776601683795e-05,2
sub-38,written_text,MT,,cca,1e-05,0.0001,2
sub-38,written_text,STS,,cca,1.0,0.1,2
sub-38,written_text,temporal,,cca,1e-05,0.00031622776601683794,2
sub-38,written_text,frontal,,cca,1e-05,0.00031622776601683794,2
sub-39,pixel,MT,,cca,1e-05,0.01,2
sub-39,pixel,STS,,cca,1.0,0.03162277660168379,2
sub-39,pixel,temporal,,cca,1e-05,0.0001,2
sub-39,pixel,frontal,,cca,1.0,0.00031622776601683794,2
sub-39,hue,MT,,cca,1e-05,0.00031622776601683794,2
sub-39,hue,STS,,cca,0.31622776601683794,0.0031622776601683794,2
sub-39,hue,temporal,,cca,1.0,0.001,2
sub-39,hue,frontal,,cca,1.0,0.0031622776601683794,2
sub-39,face,MT,,cca,1.0,3.1622776601683795e-05,2
sub-39,face,STS,,cca,1e-05,0.03162277660168379,2
sub-39,face,temporal,,cca,1e-05,0.31622776601683794,2
sub-39,face,frontal,,cca,1.0,0.0031622776601683794,2
sub-39,num_agents,MT,,cca,1e-05,0.01,2
sub-39,num_agents,STS,,cca,1.0,0.0031622776601683794,2
sub-39,num_agents,temporal,,cca,1.0,0.0001,2
sub-39,num_agents,frontal,,cca,1.0,0.0031622776601683794,2
sub-39,social,MT,,cca,1.0,0.0031622776601683794,2
sub-39,social,STS,,cca,1e-05,1e-05,2
sub-39,social,temporal,,cca,1e-05,0.01,2
sub-39,social,frontal,,cca,1.0,0.001,2
sub-39,valence,MT,,cca,1e-05,0.0001,2
sub-39,valence,STS,,cca,1.0,1.0,2
sub-39,valence,temporal,,cca,1.0,0.001,2
sub-39,valence,frontal,,cca,0.1,3.1622776601683795e-05,2
sub-39,arousal,MT,,cca,1.0,0.001,2
sub-39,arousal,STS,,cca,1e-05,1e-05,2
sub-39,arousal,temporal,,cca,1.0,0.1,2
sub-39,arousal,frontal,,cca,1e-05,0.03162277660168379,2
sub-39,pitch,MT,,cca,1e-05,0.0031622776601683794,2
sub-39,pitch,STS,,cca,1.0,1.0,2
sub-39,pitch,temporal,,cca,1.0,1e-05,2
sub-39,pitch,frontal,,cca,1.0,1.0,2
sub-39,amplitude,MT,,cca,1.0,0.001,2
sub-39,amplitude,STS,,cca,1.0,0.31622776601683794,2
sub-39,amplitude,temporal,,cca,1e-05,1e-05,2
sub-39,amplitude,frontal,,cca,1e-05,0.31622776601683794,2
sub-39,music,MT,,cca,1e-05,0.03162277660168379,2
sub-39,music,STS,,cca,1e-05,0.01,2
sub-39,music,temporal,,cca,1.0,0.0001,2
sub-39,music,frontal,,cca,1.0,0.00031622776601683794,2
sub-39,speaking,MT,,cca,1.0,1.0,2
sub-39,speaking,STS,,cca,1e-05,3.1622776601683795e-05,2
sub-39,speaking,temporal,,cca,1e-05,0.0001,2
sub-39,speaking,frontal,,cca,1e-05,0.1,2
sub-39,turn_taking,MT,,cca,1.0,0.00031622776601683794,2
sub-39,turn_taking,STS,,cca,1e-05,0.31622776601683794,2
sub-39,turn_taking,temporal,,cca,1e-05,1.0,2
sub-39,turn_taking,frontal,,cca,1.0,1.0,2
sub-39,mentalization,MT,,cca,1e-05,1e-05,2
sub-39,mentalization,STS,,cca,1.0,0.0031622776601683794,2
sub-39,mentalization,temporal,,cca,1.0,0.03162277660168379,2
sub-39,mentalization,frontal,,cca,1e-05,3.1622776601683795e-05,2
sub-39,written_text,MT,,cca,1.0,0.00031622776601683794,2
sub-39,written_text,STS,,cca,1.0,0.0001,2
sub-39,written_text,temporal,,cca,1.0,0.0001,2
sub-39,written_text,frontal,,cca,1e-05,0.01,2
sub-41,pixel,MT,,cca,3.1622776601683795e-05,0.00031622776601683794,1
sub-41,pixel,STS,,cca,1.0,0.00031622776601683794,2
sub-41,pixel,temporal,,cca,1e-05,0.03162277660168379,2
sub-41,pixel,frontal,,cca,1e-05,0.0001,2
sub-41,hue,MT,,cca,3.1622776601683795e-05,0.0001,1
sub-41,hue,STS,,cca,1.0,1.0,2
sub-41,hue,temporal,,cca,1e-05,0.03162277660168379,2
sub-41,hue,frontal,,cca,1e-05,0.03162277660168379,2
sub-41,face,MT,,cca,3.1622776601683795e-05,0.0031622776601683794,1
sub-41,face,STS,,cca,1.0,0.03162277660168379,2
sub-41,face,temporal,,cca,1.0,0.01,2
sub-41,face,frontal,,cca,1e-05,0.1,2
sub-41,num_agents,MT,,cca,3.1622776601683795e-05,0.1,1
sub-41,num_agents,STS,,cca,1e-05,0.00031622776601683794,2
sub-41,num_agents,temporal,,cca,1.0,0.31622776601683794,2
sub-41,num_agents,frontal,,cca,1.0,1.0,2
sub-41,social,MT,,cca,3.1622776601683795e-05,0.01,1
sub-41,social,STS,,cca,1e-05,0.31622776601683794,2
sub-41,social,temporal,,cca,1e-05,1.0,2
sub-41,social,frontal,,cca,1.0,0.0031622776601683794,2
sub-41,valence,MT,,cca,3.1622776601683795e-05,1.0,1
sub-41,valence,STS,,cca,1.0,1.0,2
sub-41,valence,temporal,,cca,1e-05,0.0031622776601683794,2
sub-41,valence,frontal,,cca,1e-05,1.0,2
sub-41,arousal,MT,,cca,3.1622776601683795e-05,0.00031622776601683794,1
sub-41,arousal,STS,,cca,1e-05,1.0,2
sub-41,arousal,temporal,,cca,1.0,0.1,2
sub-41,arousal,frontal,,cca,1.0,0.31622776601683794,2
sub-41,pitch,MT,,cca,3.1622776601683795e-05,0.01,1
sub-41,pitch,STS,,cca,1.0,0.00031622776601683794,2
sub-41,pitch,temporal,,cca,1e-05,0.03162277660168379,2
sub-41,pitch,frontal,,cca,1e-05,3.1622776601683795e-05,2
sub-41,amplitude,MT,,cca,3.1622776601683795e-05,1e-05,1
sub-41,amplitude,STS,,cca,1.0,0.0031622776601683794,2
sub-41,amplitude,temporal,,cca,1e-05,3.1622776601683795e-05,2
sub-41,amplitude,frontal,,cca,1.0,0.00031622776601683794,2
sub-41,music,MT,,cca,3.1622776601683795e-05,1e-05,1
sub-41,music,STS,,cca,1.0,1e-05,2
sub-41,music,temporal,,cca,1e-05,1e-05,2
sub-41,music,frontal,,cca,1e-05,0.0031622776601683794,2
sub-41,speaking,MT,,cca,3.1622776601683795e-05,0.01,1
sub-41,speaking,STS,,cca,1e-05,1e-05,2
sub-41,speaking,temporal,,cca,1e-05,0.03162277660168379,2
sub-41,speaking,frontal,,cca,1.0,1.0,2
sub-41,turn_taking,MT,,cca,3.1622776601683795e-05,1.0,1
sub-41,turn_taking,STS,,cca,1e-05,0.01,2
sub-41,turn_taking,temporal,,cca,1.0,0.001,2
sub-41,turn_taking,frontal,,cca,1.0,0.00031622776601683794,2
sub-41,mentalization,MT,,cca,3.1622776601683795e-05,0.0031622776601683794,1
sub-41,mentalization,STS,,cca,1e-05,0.00031622776601683794,2
sub-41,mentalization,temporal,,cca,1.0,0.0031622776601683794,2
sub-41,mentalization,frontal,,cca,1e-05,0.0031622776601683794,2
sub-41,written_text,MT,,cca,3.1622776601683795e-05,1.0,1
sub-41,written_text,STS,,cca,1e-05,0.0001,2
sub-41,written_text,temporal,,cca,1.0,0.0001,2
sub-41,written_text,frontal,,cca,1.0,0.01,2
sub-45,pixel,MT,,cca,1.0,0.0031622776601683794,2
sub-45,pixel,STS,,cca,1.0,0.03162277660168379,2
sub-45,pixel,temporal,,cca,1e-05,0.01,2
sub-45,pixel,frontal,,cca,1e-05,0.001,2
sub-45,hue,MT,,cca,1e-05,0.0031622776601683794,2
sub-45,hue,STS,,cca,1.0,0.0031622776601683794,2
sub-45,hue,temporal,,cca,1e-05,0.31622776601683794,2
sub-45,hue,frontal,,cca,1.0,1.0,2
sub-45,face,MT,,cca,1.0,0.03162277660168379,2
sub-45,face,STS,,cca,1e-05,0.00031622776601683794,2
sub-45,face,temporal,,cca,1.0,0.31622776601683794,2
sub-45,face,frontal,,cca,1.0,0.001,2
sub-45,num_agents,MT,,cca,1.0,1.0,2
sub-45,num_agents,STS,,cca,1e-05,0.31622776601683794,2
sub-45,num_agents,temporal,,cca,1.0,1.0,2
sub-45,num_agents,frontal,,cca,1.0,1.0,2
sub-45,social,MT,,cca,1.0,1.0,2
sub-45,social,STS,,cca,1.0,0.0031622776601683794,2
sub-45,social,temporal,,cca,1.0,0.03162277660168379,2
sub-45,social,frontal,,cca,1e-05,1.0,2
sub-45,valence,MT,,cca,1e-05,1e-05,2
sub-45,valence,STS,,cca,1e-05,0.001,2
sub-45,valence,temporal,,cca,1.0,1.0,2
sub-45,valence,frontal,,cca,1e-05,0.001,2
sub-45,arousal,MT,,cca,1.0,3.1622776601683795e-05,2
sub-45,arousal,STS,,cca,1.0,3.1622776601683795e-05,2
sub-45,arousal,temporal,,cca,1e-05,1e-05,2
sub-45,arousal,frontal,,cca,1e-05,1e-05,2
sub-45,pitch,MT,,cca,1.0,0.03162277660168379,2
sub-45,pitch,STS,,cca,1e-05,3.1622776601683795e-05,2
sub-45,pitch,temporal,,cca,1e-05,3.1622776601683795e-05,2
sub-45,pitch,frontal,,cca,1e-05,0.00031622776601683794,2
sub-45,amplitude,MT,,cca,1e-05,1e-05,2
sub-45,amplitude,STS,,cca,1.0,0.00031622776601683794,2
sub-45,amplitude,temporal,,cca,1.0,1.0,2
sub-45,amplitude,frontal,,cca,1.0,0.31622776601683794,2
sub-45,music,MT,,cca,1e-05,0.03162277660168379,2
sub-45,music,STS,,cca,1.0,0.00031622776601683794,2
sub-45,music,temporal,,cca,1.0,1e-05,2
sub-45,music,frontal,,cca,1e-05,0.03162277660168379,2
sub-45,speaking,MT,,cca,1.0,0.1,2
sub-45,speaking,STS,,cca,1.0,0.01,2
sub-45,speaking,temporal,,cca,1e-05,3.1622776601683795e-05,2
sub-45,speaking,frontal,,cca,1.0,0.00031622776601683794,2
sub-45,turn_taking,MT,,cca,1.0,0.0001,2
sub-45,turn_taking,STS,,cca,1.0,0.0031622776601683794,2
sub-45,turn_taking,temporal,,cca,1e-05,0.0031622776601683794,2
sub-45,turn_taking,frontal,,cca,1e-05,0.03162277660168379,2
sub-45,mentalization,MT,,cca,1.0,1.0,2
sub-45,mentalization,STS,,cca,1e-05,0.1,2
sub-45,mentalization,temporal,,cca,1e-05,0.01,2
sub-45,mentalization,frontal,,cca,1e-05,0.1,2
sub-45,written_text,MT,,cca,1.0,0.001,2
sub-45,written_text,STS,,cca,1.0,0.0001,2
sub-45,written_text,temporal,,cca,1.0,0.0001,2
sub-45,written_text,frontal,,cca,1e-05,0.03162277660168379,2
sub-46,pixel,MT,,cca,0.01,0.01,1
sub-46,pixel,STS,,cca,1e-05,0.31622776601683794,2
sub-46,pixel,temporal,,cca,1e-05,1.0,2
sub-46,pixel,frontal,,cca,1.0,1.0,2
sub-46,hue,MT,,cca,0.01,0.01,1
sub-46,hue,STS,,cca,0.03162277660168379,0.001,2
sub-46,hue,temporal,,cca,1e-05,0.00031622776601683794,2
sub-46,hue,frontal,,cca,1.0,0.00031622776601683794,2
sub-46,face,MT,,cca,0.01,0.03162277660168379,1
sub-46,face,STS,,cca,1.0,0.03162277660168379,2
sub-46,face,temporal,,cca,1e-05,0.01,2
sub-46,face,frontal,,cca,1.0,0.0031622776601683794,2
sub-46,num_agents,MT,,cca,1e-05,0.0001,1
sub-46,num_agents,STS,,cca,1.0,0.0001,2
sub-46,num_agents,temporal,,cca,1.0,0.31622776601683794,2
sub-46,num_agents,frontal,,cca,1e-05,0.0001,2
sub-46,social,MT,,cca,0.0031622776601683794,0.31622776601683794,1
sub-46,social,STS,,cca,1.0,0.001,2
sub-46,social,temporal,,cca,1e-05,0.31622776601683794,2
sub-46,social,frontal,,cca,1e-05,0.1,2
sub-46,valence,MT,,cca,0.01,0.31622776601683794,1
sub-46,valence,STS,,cca,1.0,0.001,2
sub-46,valence,temporal,,cca,0.31622776601683794,0.0031622776601683794,2
sub-46,valence,frontal,,cca,1.0,0.03162277660168379,2
sub-46,arousal,MT,,cca,0.00031622776601683794,0.1,1
sub-46,arousal,STS,,cca,1.0,0.03162277660168379,2
sub-46,arousal,temporal,,cca,1.0,1e-05,2
sub-46,arousal,frontal,,cca,1e-05,1.0,2
sub-46,pitch,MT,,cca,0.01,0.03162277660168379,1
sub-46,pitch,STS,,cca,1e-05,0.00031622776601683794,2
sub-46,pitch,temporal,,cca,1.0,0.00031622776601683794,2
sub-46,pitch,frontal,,cca,1e-05,0.00031622776601683794,2
sub-46,amplitude,MT,,cca,0.01,0.31622776601683794,1
sub-46,amplitude,STS,,cca,1.0,0.00031622776601683794,2
sub-46,amplitude,temporal,,cca,1.0,1.0,2
sub-46,amplitude,frontal,,cca,1.0,0.001,2
sub-46,music,MT,,cca,0.1,0.0031622776601683794,1
sub-46,music,STS,,cca,0.03162277660168379,0.00031622776601683794,2
sub-46,music,temporal,,cca,1.0,0.0001,2
sub-46,music,frontal,,cca,1e-05,0.0001,2
sub-46,speaking,MT,,cca,0.0001,0.0001,1
sub-46,speaking,STS,,cca,1.0,0.00031622776601683794,2
sub-46,speaking,temporal,,cca,1.0,0.001,2
sub-46,speaking,frontal,,cca,1e-05,0.0031622776601683794,2
sub-46,turn_taking,MT,,cca,1e-05,1.0,1
sub-46,turn_taking,STS,,cca,1.0,0.03162277660168379,2
sub-46,turn_taking,temporal,,cca,1e-05,0.1,2
sub-46,turn_taking,frontal,,cca,1.0,0.1,2
sub-46,mentalization,MT,,cca,0.01,0.0001,1
sub-46,mentalization,STS,,cca,0.31622776601683794,1.0,2
sub-46,mentalization,temporal,,cca,1e-05,3.1622776601683795e-05,2
sub-46,mentalization,frontal,,cca,1.0,0.0001,2
sub-46,written_text,MT,,cca,0.01,1e-05,1
sub-46,written_text,STS,,cca,1e-05,0.0001,2
sub-46,written_text,temporal,,cca,1.0,0.1,2
sub-46,written_text,frontal,,cca,1e-05,1.0,2
sub-50,pixel,MT,,cca,1e-05,1.0,2
sub-50,pixel,STS,,cca,1.0,0.03162277660168379,2
sub-50,pixel,temporal,,cca,1e-05,0.1,2
sub-50,pixel,frontal,,cca,1.0,0.001,2
sub-50,hue,MT,,cca,1e-05,0.00031622776601683794,2
sub-50,hue,STS,,cca,1e-05,0.31622776601683794,2
sub-50,hue,temporal,,cca,1.0,3.1622776601683795e-05,2
sub-50,hue,frontal,,cca,1.0,0.0031622776601683794,2
sub-50,face,MT,,cca,1.0,0.01,2
sub-50,face,STS,,cca,1e-05,0.0001,2
sub-50,face,temporal,,cca,1e-05,0.001,2
sub-50,face,frontal,,cca,1e-05,0.1,2
sub-50,num_agents,MT,,cca,1.0,0.001,2
sub-50,num_agents,STS,,cca,1e-05,0.01,2
sub-50,num_agents,temporal,,cca,1e-05,0.03162277660168379,2
sub-50,num_agents,frontal,,cca,1.0,0.03162277660168379,2
sub-50,social,MT,,cca,1.0,0.00031622776601683794,2
sub-50,social,STS,,cca,1.0,3.1622776601683795e-05,2
sub-50,social,temporal,,cca,1.0,0.0031622776601683794,2
sub-50,social,frontal,,cca,1.0,1e-05,2
sub-50,valence,MT,,cca,1.0,0.00031622776601683794,2
sub-50,valence,STS,,cca,1.0,0.03162277660168379,2
sub-50,valence,temporal,,cca,1e-05,0.001,2
sub-50,valence,frontal,,cca,1e-05,0.1,2
sub-50,arousal,MT,,cca,1.0,3.1622776601683795e-05,2
sub-50,arousal,STS,,cca,1e-05,1e-05,2
sub-50,arousal,temporal,,cca,1e-05,0.1,2
sub-50,arousal,frontal,,cca,1e-05,0.1,2
sub-50,pitch,MT,,cca,1e-05,0.01,2
sub-50,pitch,STS,,cca,1.0,0.00031622776601683794,2
sub-50,pitch,temporal,,cca,1.0,0.001,2
sub-50,pitch,frontal,,cca,1e-05,0.0001,2
sub-50,amplitude,MT,,cca,1.0,0.00031622776601683794,2
sub-50,amplitude,STS,,cca,1e-05,1e-05,2
sub-50,amplitude,temporal,,cca,1e-05,0.1,2
sub-50,amplitude,frontal,,cca,1.0,1e-05,2
sub-50,music,MT,,cca,1e-05,0.0031622776601683794,2
sub-50,music,STS,,cca,1.0,0.03162277660168379,2
sub-50,music,temporal,,cca,1e-05,0.001,2
sub-50,music,frontal,,cca,1.0,0.00031622776601683794,2
sub-50,speaking,MT,,cca,1.0,1e-05,2
sub-50,speaking,STS,,cca,1.0,1.0,2
sub-50,speaking,temporal,,cca,1e-05,0.00031622776601683794,2
sub-50,speaking,frontal,,cca,1.0,0.001,2
sub-50,turn_taking,MT,,cca,1.0,0.03162277660168379,2
sub-50,turn_taking,STS,,cca,1e-05,0.31622776601683794,2
sub-50,turn_taking,temporal,,cca,0.31622776601683794,0.001,2
sub-50,turn_taking,frontal,,cca,1e-05,0.1,2
sub-50,mentalization,MT,,cca,1.0,1e-05,2
sub-50,mentalization,STS,,cca,1e-05,0.01,2
sub-50,mentalization,temporal,,cca,1e-05,1.0,2
sub-50,mentalization,frontal,,cca,1.0,0.0031622776601683794,2
sub-50,written_text,MT,,cca,1e-05,0.03162277660168379,2
sub-50,written_text,STS,,cca,1.0,0.001,2
sub-50,written_text,temporal,,cca,1.0,3.1622776601683795e-05,2
sub-50,written_text,frontal,,cca,1e-05,0.0001,2
sub-51,pixel,MT,,cca,0.001,0.01,1
sub-51,pixel,STS,,cca,0.001,0.01,1
sub-51,pixel,temporal,,cca,0.001,0.01,1
sub-51,pixel,frontal,,cca,0.001,0.01,1
sub-51,hue,MT,,cca,0.001,3.1622776601683795e-05,1
sub-51,hue,STS,,cca,0.001,3.1622776601683795e-05,1
sub-51,hue,temporal,,cca,0.001,3.1622776601683795e-05,1
sub-51,hue,frontal,,cca,0.001,3.1622776601683795e-05,1
sub-51,face,MT,,cca,1.0,0.03162277660168379,1
sub-51,face,STS,,cca,1.0,0.03162277660168379,1
sub-51,face,temporal,,cca,1.0,0.03162277660168379,1
sub-51,face,frontal,,cca,1.0,0.03162277660168379,1
sub-51,num_agents,MT,,cca,0.001,1e-05,1
sub-51,num_agents,STS,,cca,0.001,1e-05,1
sub-51,num_agents,temporal,,cca,0.001,1e-05,1
sub-51,num_agents,frontal,,cca,0.001,1e-05,1
sub-51,social,MT,,cca,0.001,0.0001,1
sub-51,social,STS,,cca,0.001,0.0001,1
sub-51,social,temporal,,cca,0.001,0.0001,1
sub-51,social,frontal,,cca,0.001,0.0001,1
sub-51,valence,MT,,cca,0.001,1.0,1
sub-51,valence,STS,,cca,0.001,1.0,1
sub-51,valence,temporal,,cca,0.001,1.0,1
sub-51,valence,frontal,,cca,0.001,1.0,1
sub-51,arousal,MT,,cca,0.001,0.0031622776601683794,1
sub-51,arousal,STS,,cca,0.001,0.0031622776601683794,1
sub-51,arousal,temporal,,cca,0.001,0.0031622776601683794,1
sub-51,arousal,frontal,,cca,0.001,0.0031622776601683794,1
sub-51,pitch,MT,,cca,0.001,0.00031622776601683794,1
sub-51,pitch,STS,,cca,0.001,0.00031622776601683794,1
sub-51,pitch,temporal,,cca,0.001,0.00031622776601683794,1
sub-51,pitch,frontal,,cca,0.001,0.00031622776601683794,1
sub-51,amplitude,MT,,cca,0.001,0.00031622776601683794,1
sub-51,amplitude,STS,,cca,0.001,0.00031622776601683794,1
sub-51,amplitude,temporal,,cca,0.001,0.00031622776601683794,1
sub-51,amplitude,frontal,,cca,0.001,0.00031622776601683794,1
sub-51,music,MT,,cca,0.00031622776601683794,0.00031622776601683794,1
sub-51,music,STS,,cca,0.00031622776601683794,0.00031622776601683794,1
sub-51,music,temporal,,cca,0.00031622776601683794,0.00031622776601683794,1
sub-51,music,frontal,,cca,0.00031622776601683794,0.00031622776601683794,1
sub-51,speaking,MT,,cca,0.001,0.1,1
sub-51,speaking,STS,,cca,0.001,0.1,1
sub-51,speaking,temporal,,cca,0.001,0.1,1
sub-51,speaking,frontal,,cca,0.001,0.1,1
sub-51,turn_taking,MT,,cca,0.001,0.03162277660168379,1
sub-51,turn_taking,STS,,cca,0.001,0.03162277660168379,1
sub-51,turn_taking,temporal,,cca,0.001,0.03162277660168379,1
sub-51,turn_taking,frontal,,cca,0.001,0.03162277660168379,1
sub-51,mentalization,MT,,cca,0.001,1e-05,1
sub-51,mentalization,STS,,cca,0.001,1e-05,1
sub-51,mentalization,temporal,,cca,0.001,1e-05,1
sub-51,mentalization,frontal,,cca,0.001,1e-05,1
sub-51,written_text,MT,,cca,0.03162277660168379,0.31622776601683794,1
sub-51,written_text,STS,,cca,0.03162277660168379,0.31622776601683794,1
sub-51,written_text,temporal,,cca,0.03162277660168379,0.31622776601683794,1
sub-51,written_text,frontal,,cca,0.03162277660168379,0.31622776601683794,1
sub-53,pixel,MT,,cca,0.31622776601683794,0.31622776601683794,2
sub-53,pixel,STS,,cca,1e-05,0.01,2
sub-53,pixel,temporal,,cca,0.1,0.001,2
sub-53,pixel,frontal,,cca,0.31622776601683794,0.0001,2
sub-53,hue,MT,,cca,1.0,0.001,2
sub-53,hue,STS,,cca,1e-05,0.1,2
sub-53,hue,temporal,,cca,1.0,1.0,2
sub-53,hue,frontal,,cca,1.0,0.0001,2
sub-53,face,MT,,cca,1.0,0.03162277660168379,2
sub-53,face,STS,,cca,1.0,0.03162277660168379,2
sub-53,face,temporal,,cca,1e-05,0.1,2
sub-53,face,frontal,,cca,1.0,0.03162277660168379,2
sub-53,num_agents,MT,,cca,1e-05,0.01,2
sub-53,num_agents,STS,,cca,1.0,0.0031622776601683794,2
sub-53,num_agents,temporal,,cca,1e-05,0.03162277660168379,2
sub-53,num_agents,frontal,,cca,1e-05,1e-05,2
sub-53,social,MT,,cca,1.0,3.1622776601683795e-05,2
sub-53,social,STS,,cca,1.0,1e-05,2
sub-53,social,temporal,,cca,1.0,0.0031622776601683794,2
sub-53,social,frontal,,cca,1e-05,0.1,2
sub-53,valence,MT,,cca,1.0,0.03162277660168379,2
sub-53,valence,STS,,cca,1e-05,0.01,2
sub-53,valence,temporal,,cca,1.0,1.0,2
sub-53,valence,frontal,,cca,1.0,1.0,2
sub-53,arousal,MT,,cca,1.0,3.1622776601683795e-05,2
sub-53,arousal,STS,,cca,1.0,0.01,2
sub-53,arousal,temporal,,cca,1e-05,0.03162277660168379,2
sub-53,arousal,frontal,,cca,1.0,3.1622776601683795e-05,2
sub-53,pitch,MT,,cca,1e-05,1e-05,2
sub-53,pitch,STS,,cca,1e-05,0.001,2
sub-53,pitch,temporal,,cca,1e-05,0.1,2
sub-53,pitch,frontal,,cca,1.0,0.0031622776601683794,2
sub-53,amplitude,MT,,cca,1.0,0.001,2
sub-53,amplitude,STS,,cca,1.0,0.00031622776601683794,2
sub-53,amplitude,temporal,,cca,1e-05,0.0031622776601683794,2
sub-53,amplitude,frontal,,cca,1.0,0.001,2
sub-53,music,MT,,cca,1.0,3.1622776601683795e-05,2
sub-53,music,STS,,cca,1.0,1e-05,2
sub-53,music,temporal,,cca,1.0,1.0,2
sub-53,music,frontal,,cca,1.0,0.01,2
sub-53,speaking,MT,,cca,1e-05,0.31622776601683794,2
sub-53,speaking,STS,,cca,1.0,0.00031622776601683794,2
sub-53,speaking,temporal,,cca,1e-05,1.0,2
sub-53,speaking,frontal,,cca,1.0,0.00031622776601683794,2
sub-53,turn_taking,MT,,cca,1.0,0.31622776601683794,2
sub-53,turn_taking,STS,,cca,1e-05,3.1622776601683795e-05,2
sub-53,turn_taking,temporal,,cca,1.0,1.0,2
sub-53,turn_taking,frontal,,cca,1.0,0.0001,2
sub-53,mentalization,MT,,cca,1.0,0.1,2
sub-53,mentalization,STS,,cca,1e-05,0.0001,2
sub-53,mentalization,temporal,,cca,1e-05,0.00031622776601683794,2
sub-53,mentalization,frontal,,cca,0.31622776601683794,1e-05,2
sub-53,written_text,MT,,cca,1e-05,0.0001,2
sub-53,written_text,STS,,cca,1.0,0.00031622776601683794,2
sub-53,written_text,temporal,,cca,0.31622776601683794,0.03162277660168379,2
sub-53,written_text,frontal,,cca,1e-05,3.1622776601683795e-05,2
sub-54,pixel,MT,,cca,1.0,0.0031622776601683794,2
sub-54,pixel,STS,,cca,1.0,0.03162277660168379,2
sub-54,pixel,temporal,,cca,1e-05,0.01,2
sub-54,pixel,frontal,,cca,1.0,0.03162277660168379,2
sub-54,hue,MT,,cca,1e-05,0.0031622776601683794,2
sub-54,hue,STS,,cca,1e-05,0.1,2
sub-54,hue,temporal,,cca,1e-05,0.31622776601683794,2
sub-54,hue,frontal,,cca,0.31622776601683794,0.0001,2
sub-54,face,MT,,cca,1.0,0.03162277660168379,2
sub-54,face,STS,,cca,1.0,0.03162277660168379,2
sub-54,face,temporal,,cca,1e-05,0.0001,2
sub-54,face,frontal,,cca,1e-05,1.0,2
sub-54,num_agents,MT,,cca,1.0,1.0,2
sub-54,num_agents,STS,,cca,1.0,1e-05,2
sub-54,num_agents,temporal,,cca,1.0,1.0,2
sub-54,num_agents,frontal,,cca,1.0,1.0,2
sub-54,social,MT,,cca,1.0,1.0,2
sub-54,social,STS,,cca,1.0,0.31622776601683794,2
sub-54,social,temporal,,cca,1e-05,0.00031622776601683794,2
sub-54,social,frontal,,cca,1e-05,1e-05,2
sub-54,valence,MT,,cca,1e-05,1e-05,2
sub-54,valence,STS,,cca,1.0,1.0,2
sub-54,valence,temporal,,cca,1e-05,3.1622776601683795e-05,2
sub-54,valence,frontal,,cca,1.0,0.03162277660168379,2
sub-54,arousal,MT,,cca,1.0,3.1622776601683795e-05,2
sub-54,arousal,STS,,cca,1e-05,3.1622776601683795e-05,2
sub-54,arousal,temporal,,cca,1e-05,1e-05,2
sub-54,arousal,frontal,,cca,1e-05,0.03162277660168379,2
sub-54,pitch,MT,,cca,1.0,0.03162277660168379,2
sub-54,pitch,STS,,cca,1e-05,0.31622776601683794,2
sub-54,pitch,temporal,,cca,1.0,0.0001,2
sub-54,pitch,frontal,,cca,1e-05,0.0031622776601683794,2
sub-54,amplitude,MT,,cca,1e-05,1e-05,2
sub-54,amplitude,STS,,cca,1.0,0.1,2
sub-54,amplitude,temporal,,cca,1e-05,3.1622776601683795e-05,2
sub-54,amplitude,frontal,,cca,1.0,0.01,2
sub-54,music,MT,,cca,1e-05,0.03162277660168379,2
sub-54,music,STS,,cca,0.03162277660168379,1.0,2
sub-54,music,temporal,,cca,1e-05,0.0001,2
sub-54,music,frontal,,cca,1.0,0.0001,2
sub-54,speaking,MT,,cca,1.0,0.1,2
sub-54,speaking,STS,,cca,1.0,0.01,2
sub-54,speaking,temporal,,cca,1e-05,0.001,2
sub-54,speaking,frontal,,cca,1.0,0.01,2
sub-54,turn_taking,MT,,cca,1.0,0.0001,2
sub-54,turn_taking,STS,,cca,1.0,0.03162277660168379,2
sub-54,turn_taking,temporal,,cca,1.0,0.03162277660168379,2
sub-54,turn_taking,frontal,,cca,1.0,0.03162277660168379,2
sub-54,mentalization,MT,,cca,1.0,1.0,2
sub-54,mentalization,STS,,cca,1e-05,0.00031622776601683794,2
sub-54,mentalization,temporal,,cca,1.0,0.03162277660168379,2
sub-54,mentalization,frontal,,cca,1e-05,0.0001,2
sub-54,written_text,MT,,cca,1.0,0.001,2
sub-54,written_text,STS,,cca,1e-05,0.01,2
sub-54,written_text,temporal,,cca,1e-05,1.0,2
sub-54,written_text,frontal,,cca,1e-05,0.31622776601683794,2
sub-55,pixel,MT,,cca,0.01,0.1,2
sub-55,pixel,STS,,cca,1.0,0.31622776601683794,2
sub-55,pixel,temporal,,cca,1e-05,0.1,2
sub-55,pixel,frontal,,cca,1e-05,0.0001,2
sub-55,hue,MT,,cca,1e-05,0.0001,2
sub-55,hue,STS,,cca,1.0,0.00031622776601683794,2
sub-55,hue,temporal,,cca,1e-05,0.0001,2
sub-55,hue,frontal,,cca,1e-05,3.1622776601683795e-05,2
sub-55,face,MT,,cca,1e-05,0.1,2
sub-55,face,STS,,cca,1.0,0.01,2
sub-55,face,temporal,,cca,1.0,0.00031622776601683794,2
sub-55,face,frontal,,cca,1.0,0.03162277660168379,2
sub-55,num_agents,MT,,cca,1.0,1.0,2
sub-55,num_agents,STS,,cca,1e-05,0.03162277660168379,2
sub-55,num_agents,temporal,,cca,1e-05,0.1,2
sub-55,num_agents,frontal,,cca,1e-05,1e-05,2
sub-55,social,MT,,cca,1.0,3.1622776601683795e-05,2
sub-55,social,STS,,cca,1.0,1.0,2
sub-55,social,temporal,,cca,1.0,0.001,2
sub-55,social,frontal,,cca,1e-05,3.1622776601683795e-05,2
sub-55,valence,MT,,cca,1.0,0.00031622776601683794,2
sub-55,valence,STS,,cca,0.1,1.0,2
sub-55,valence,temporal,,cca,1.0,0.00031622776601683794,2
sub-55,valence,frontal,,cca,1.0,0.001,2
sub-55,arousal,MT,,cca,1.0,3.1622776601683795e-05,2
sub-55,arousal,STS,,cca,1e-05,0.03162277660168379,2
sub-55,arousal,temporal,,cca,1.0,0.31622776601683794,2
sub-55,arousal,frontal,,cca,1e-05,0.0031622776601683794,2
sub-55,pitch,MT,,cca,1e-05,0.03162277660168379,2
sub-55,pitch,STS,,cca,1e-05,0.0001,2
sub-55,pitch,temporal,,cca,1.0,1e-05,2
sub-55,pitch,frontal,,cca,1e-05,3.1622776601683795e-05,2
sub-55,amplitude,MT,,cca,1e-05,0.0031622776601683794,2
sub-55,amplitude,STS,,cca,1e-05,0.01,2
sub-55,amplitude,temporal,,cca,1.0,0.00031622776601683794,2
sub-55,amplitude,frontal,,cca,1.0,0.00031622776601683794,2
sub-55,music,MT,,cca,1e-05,1.0,2
sub-55,music,STS,,cca,1.0,0.0031622776601683794,2
sub-55,music,temporal,,cca,0.31622776601683794,0.01,2
sub-55,music,frontal,,cca,1.0,0.00031622776601683794,2
sub-55,speaking,MT,,cca,1.0,1e-05,2
sub-55,speaking,STS,,cca,1.0,1.0,2
sub-55,speaking,temporal,,cca,1.0,3.1622776601683795e-05,2
sub-55,speaking,frontal,,cca,1e-05,0.0031622776601683794,2
sub-55,turn_taking,MT,,cca,0.03162277660168379,0.03162277660168379,2
sub-55,turn_taking,STS,,cca,1e-05,1.0,2
sub-55,turn_taking,temporal,,cca,1.0,0.03162277660168379,2
sub-55,turn_taking,frontal,,cca,1.0,0.03162277660168379,2
sub-55,mentalization,MT,,cca,1.0,0.03162277660168379,2
sub-55,mentalization,STS,,cca,1e-05,1e-05,2
sub-55,mentalization,temporal,,cca,1.0,0.001,2
sub-55,mentalization,frontal,,cca,1e-05,0.001,2
sub-55,written_text,MT,,cca,1.0,0.1,2
sub-55,written_text,STS,,cca,1.0,0.001,2
sub-55,written_text,temporal,,cca,1.0,0.001,2
sub-55,written_text,frontal,,cca,1e-05,1e-05,2
sub-56,pixel,MT,,cca,1.0,0.0001,2
sub-56,pixel,STS,,cca,1e-05,3.1622776601683795e-05,2
sub-56,pixel,temporal,,cca,1.0,0.0001,2
sub-56,pixel,frontal,,cca,1e-05,0.03162277660168379,2
sub-56,hue,MT,,cca,1.0,1.0,2
sub-56,hue,STS,,cca,1e-05,0.001,2
sub-56,hue,temporal,,cca,1.0,0.0031622776601683794,2
sub-56,hue,frontal,,cca,1.0,0.03162277660168379,2
sub-56,face,MT,,cca,1.0,1.0,2
sub-56,face,STS,,cca,1e-05,0.001,2
sub-56,face,temporal,,cca,1.0,3.1622776601683795e-05,2
sub-56,face,frontal,,cca,1.0,0.00031622776601683794,2
sub-56,num_agents,MT,,cca,1e-05,0.0001,2
sub-56,num_agents,STS,,cca,1e-05,0.00031622776601683794,2
sub-56,num_agents,temporal,,cca,1e-05,3.1622776601683795e-05,2
sub-56,num_agents,frontal,,cca,1.0,0.0031622776601683794,2
sub-56,social,MT,,cca,1.0,0.0031622776601683794,2
sub-56,social,STS,,cca,1e-05,0.001,2
sub-56,social,temporal,,cca,1.0,0.31622776601683794,2
sub-56,social,frontal,,cca,1e-05,0.0031622776601683794,2
sub-56,valence,MT,,cca,1e-05,0.00031622776601683794,2
sub-56,valence,STS,,cca,1e-05,0.31622776601683794,2
sub-56,valence,temporal,,cca,1.0,0.03162277660168379,2
sub-56,valence,frontal,,cca,1.0,0.03162277660168379,2
sub-56,arousal,MT,,cca,1e-05,3.1622776601683795e-05,2
sub-56,arousal,STS,,cca,1.0,0.31622776601683794,2
sub-56,arousal,temporal,,cca,1e-05,0.0001,2
sub-56,arousal,frontal,,cca,1.0,3.1622776601683795e-05,2
sub-56,pitch,MT,,cca,0.31622776601683794,0.1,2
sub-56,pitch,STS,,cca,1e-05,0.1,2
sub-56,pitch,temporal,,cca,1.0,0.0031622776601683794,2
sub-56,pitch,frontal,,cca,1.0,0.0031622776601683794,2
sub-56,amplitude,MT,,cca,1.0,0.00031622776601683794,2
sub-56,amplitude,STS,,cca,1.0,0.0001,2
sub-56,amplitude,temporal,,cca,1.0,0.00031622776601683794,2
sub-56,amplitude,frontal,,cca,1e-05,0.0001,2
sub-56,music,MT,,cca,1.0,0.0001,2
sub-56,music,STS,,cca,1.0,0.0001,2
sub-56,music,temporal,,cca,1e-05,0.1,2
sub-56,music,frontal,,cca,1.0,0.01,2
sub-56,speaking,MT,,cca,1.0,0.00031622776601683794,2
sub-56,speaking,STS,,cca,1e-05,0.0001,2
sub-56,speaking,temporal,,cca,1.0,1.0,2
sub-56,speaking,frontal,,cca,1e-05,0.00031622776601683794,2
sub-56,turn_taking,MT,,cca,1e-05,0.00031622776601683794,2
sub-56,turn_taking,STS,,cca,1e-05,1.0,2
sub-56,turn_taking,temporal,,cca,1.0,1.0,2
sub-56,turn_taking,frontal,,cca,1e-05,0.1,2
sub-56,mentalization,MT,,cca,1.0,1e-05,2
sub-56,mentalization,STS,,cca,1e-05,3.1622776601683795e-05,2
sub-56,mentalization,temporal,,cca,1e-05,0.001,2
sub-56,mentalization,frontal,,cca,1e-05,0.03162277660168379,2
sub-56,written_text,MT,,cca,1.0,0.001,2
sub-56,written_text,STS,,cca,1e-05,3.1622776601683795e-05,2
sub-56,written_text,temporal,,cca,1e-05,1e-05,2
sub-56,written_text,frontal,,cca,1.0,0.001,2
sub-57,pixel,MT,,cca,1.0,0.001,2
sub-57,pixel,STS,,cca,1e-05,0.1,2
sub-57,pixel,temporal,,cca,1.0,1.0,2
sub-57,pixel,frontal,,cca,1e-05,0.01,2
sub-57,hue,MT,,cca,1.0,0.00031622776601683794,2
sub-57,hue,STS,,cca,1.0,3.1622776601683795e-05,2
sub-57,hue,temporal,,cca,1e-05,0.0031622776601683794,2
sub-57,hue,frontal,,cca,1.0,1.0,2
sub-57,face,MT,,cca,1e-05,1e-05,2
sub-57,face,STS,,cca,1e-05,0.0031622776601683794,2
sub-57,face,temporal,,cca,1e-05,0.1,2
sub-57,face,frontal,,cca,1e-05,0.001,2
sub-57,num_agents,MT,,cca,1e-05,0.1,2
sub-57,num_agents,STS,,cca,1.0,0.0001,2
sub-57,num_agents,temporal,,cca,1e-05,0.03162277660168379,2
sub-57,num_agents,frontal,,cca,1.0,0.0001,2
sub-57,social,MT,,cca,1.0,0.00031622776601683794,2
sub-57,social,STS,,cca,1e-05,0.0001,2
sub-57,social,temporal,,cca,1e-05,0.03162277660168379,2
sub-57,social,frontal,,cca,1e-05,0.03162277660168379,2
sub-57,valence,MT,,cca,1.0,1e-05,2
sub-57,valence,STS,,cca,1.0,0.03162277660168379,2
sub-57,valence,temporal,,cca,1.0,0.00031622776601683794,2
sub-57,valence,frontal,,cca,0.31622776601683794,0.0001,2
sub-57,arousal,MT,,cca,1e-05,0.0001,2
sub-57,arousal,STS,,cca,1.0,3.1622776601683795e-05,2
sub-57,arousal,temporal,,cca,1e-05,0.0031622776601683794,2
sub-57,arousal,frontal,,cca,1e-05,0.001,2
sub-57,pitch,MT,,cca,1e-05,0.31622776601683794,2
sub-57,pitch,STS,,cca,1e-05,0.0031622776601683794,2
sub-57,pitch,temporal,,cca,1.0,3.1622776601683795e-05,2
sub-57,pitch,frontal,,cca,1e-05,0.1,2
sub-57,amplitude,MT,,cca,1e-05,0.01,2
sub-57,amplitude,STS,,cca,1.0,0.0001,2
sub-57,amplitude,temporal,,cca,1.0,0.001,2
sub-57,amplitude,frontal,,cca,1.0,0.1,2
sub-57,music,MT,,cca,1.0,0.1,2
sub-57,music,STS,,cca,1e-05,0.00031622776601683794,2
sub-57,music,temporal,,cca,1.0,0.001,2
sub-57,music,frontal,,cca,1.0,0.31622776601683794,2
sub-57,speaking,MT,,cca,1.0,1e-05,2
sub-57,speaking,STS,,cca,1.0,0.00031622776601683794,2
sub-57,speaking,temporal,,cca,1e-05,0.00031622776601683794,2
sub-57,speaking,frontal,,cca,1e-05,1e-05,2
sub-57,turn_taking,MT,,cca,1.0,0.01,2
sub-57,turn_taking,STS,,cca,1e-05,0.03162277660168379,2
sub-57,turn_taking,temporal,,cca,1e-05,1.0,2
sub-57,turn_taking,frontal,,cca,1e-05,1.0,2
sub-57,mentalization,MT,,cca,1.0,0.00031622776601683794,2
sub-57,mentalization,STS,,cca,1.0,0.00031622776601683794,2
sub-57,mentalization,temporal,,cca,1.0,1e-05,2
sub-57,mentalization,frontal,,cca,1.0,0.001,2
sub-57,written_text,MT,,cca,1.0,0.1,2
sub-57,written_text,STS,,cca,1.0,0.0001,2
sub-57,written_text,temporal,,cca,1.0,0.0001,2
sub-57,written_text,frontal,,cca,1.0,0.1,2
sub-58,pixel,MT,,cca,1.0,0.03162277660168379,2
sub-58,pixel,STS,,cca,3.1622776601683795e-05,0.1,1
sub-58,pixel,temporal,,cca,3.1622776601683795e-05,0.1,1
sub-58,pixel,frontal,,cca,3.1622776601683795e-05,0.1,1
sub-58,hue,MT,,cca,1.0,3.1622776601683795e-05,2
sub-58,hue,STS,,cca,3.1622776601683795e-05,1e-05,1
sub-58,hue,temporal,,cca,3.1622776601683795e-05,1e-05,1
sub-58,hue,frontal,,cca,3.1622776601683795e-05,1e-05,1
sub-58,face,MT,,cca,1e-05,3.1622776601683795e-05,2
sub-58,face,STS,,cca,3.1622776601683795e-05,0.00031622776601683794,1
sub-58,face,temporal,,cca,3.1622776601683795e-05,0.00031622776601683794,1
sub-58,face,frontal,,cca,3.1622776601683795e-05,0.00031622776601683794,1
sub-58,num_agents,MT,,cca,1.0,1.0,2
sub-58,num_agents,STS,,cca,0.001,0.31622776601683794,1
sub-58,num_agents,temporal,,cca,0.001,0.31622776601683794,1
sub-58,num_agents,frontal,,cca,0.001,0.31622776601683794,1
sub-58,social,MT,,cca,1e-05,0.001,2
sub-58,social,STS,,cca,3.1622776601683795e-05,0.0031622776601683794,1
sub-58,social,temporal,,cca,3.1622776601683795e-05,0.0031622776601683794,1
sub-58,social,frontal,,cca,3.1622776601683795e-05,0.0031622776601683794,1
sub-58,valence,MT,,cca,1e-05,0.1,2
sub-58,valence,STS,,cca,3.1622776601683795e-05,0.1,1
sub-58,valence,temporal,,cca,3.1622776601683795e-05,0.1,1
sub-58,valence,frontal,,cca,3.1622776601683795e-05,0.1,1
sub-58,arousal,MT,,cca,1e-05,1.0,2
sub-58,arousal,STS,,cca,3.1622776601683795e-05,0.0031622776601683794,1
sub-58,arousal,temporal,,cca,3.1622776601683795e-05,0.0031622776601683794,1
sub-58,arousal,frontal,,cca,3.1622776601683795e-05,0.0031622776601683794,1
sub-58,pitch,MT,,cca,1.0,0.00031622776601683794,2
sub-58,pitch,STS,,cca,3.1622776601683795e-05,0.00031622776601683794,1
sub-58,pitch,temporal,,cca,3.1622776601683795e-05,0.00031622776601683794,1
sub-58,pitch,frontal,,cca,3.1622776601683795e-05,0.00031622776601683794,1
sub-58,amplitude,MT,,cca,1e-05,0.01,2
sub-58,amplitude,STS,,cca,3.1622776601683795e-05,0.00031622776601683794,1
sub-58,amplitude,temporal,,cca,3.1622776601683795e-05,0.00031622776601683794,1
sub-58,amplitude,frontal,,cca,3.1622776601683795e-05,0.00031622776601683794,1
sub-58,music,MT,,cca,1e-05,0.1,2
sub-58,music,STS,,cca,0.03162277660168379,0.03162277660168379,1
sub-58,music,temporal,,cca,0.03162277660168379,0.03162277660168379,1
sub-58,music,frontal,,cca,0.03162277660168379,0.03162277660168379,1
sub-58,speaking,MT,,cca,1.0,3.1622776601683795e-05,2
sub-58,speaking,STS,,cca,3.1622776601683795e-05,0.001,1
sub-58,speaking,temporal,,cca,3.1622776601683795e-05,0.001,1
sub-58,speaking,frontal,,cca,3.1622776601683795e-05,0.001,1
sub-58,turn_taking,MT,,cca,1.0,0.0031622776601683794,2
sub-58,turn_taking,STS,,cca,0.01,1e-05,1
sub-58,turn_taking,temporal,,cca,0.01,1e-05,1
sub-58,turn_taking,frontal,,cca,0.01,1e-05,1
sub-58,mentalization,MT,,cca,1e-05,0.0001,2
sub-58,mentalization,STS,,cca,3.1622776601683795e-05,0.0031622776601683794,1
sub-58,mentalization,temporal,,cca,3.1622776601683795e-05,0.0031622776601683794,1
sub-58,mentalization,frontal,,cca,3.1622776601683795e-05,0.0031622776601683794,1
sub-58,written_text,MT,,cca,1.0,0.1,2
sub-58,written_text,STS,,cca,0.00031622776601683794,0.0031622776601683794,1
sub-58,written_text,temporal,,cca,0.00031622776601683794,0.0031622776601683794,1
sub-58,written_text,frontal,,cca,0.00031622776601683794,0.0031622776601683794,1
sub-60,pixel,MT,,cca,1e-05,1e-05,2
sub-60,pixel,STS,,cca,1e-05,0.1,2
sub-60,pixel,temporal,,cca,1e-05,1e-05,2
sub-60,pixel,frontal,,cca,0.31622776601683794,0.1,2
sub-60,hue,MT,,cca,1.0,0.31622776601683794,2
sub-60,hue,STS,,cca,1e-05,0.31622776601683794,2
sub-60,hue,temporal,,cca,1.0,0.01,2
sub-60,hue,frontal,,cca,0.03162277660168379,3.1622776601683795e-05,2
sub-60,face,MT,,cca,1e-05,0.00031622776601683794,2
sub-60,face,STS,,cca,1e-05,1e-05,2
sub-60,face,temporal,,cca,1.0,0.03162277660168379,2
sub-60,face,frontal,,cca,1.0,0.31622776601683794,2
sub-60,num_agents,MT,,cca,1e-05,0.0031622776601683794,2
sub-60,num_agents,STS,,cca,1.0,1.0,2
sub-60,num_agents,temporal,,cca,1e-05,0.0031622776601683794,2
sub-60,num_agents,frontal,,cca,1e-05,0.03162277660168379,2
sub-60,social,MT,,cca,1e-05,0.1,2
sub-60,social,STS,,cca,1e-05,0.00031622776601683794,2
sub-60,social,temporal,,cca,1e-05,0.0031622776601683794,2
sub-60,social,frontal,,cca,1.0,0.001,2
sub-60,valence,MT,,cca,1e-05,0.03162277660168379,2
sub-60,valence,STS,,cca,1e-05,3.1622776601683795e-05,2
sub-60,valence,temporal,,cca,1e-05,0.31622776601683794,2
sub-60,valence,frontal,,cca,1e-05,0.03162277660168379,2
sub-60,arousal,MT,,cca,1e-05,1e-05,2
sub-60,arousal,STS,,cca,1.0,0.001,2
sub-60,arousal,temporal,,cca,1e-05,0.1,2
sub-60,arousal,frontal,,cca,1.0,3.1622776601683795e-05,2
sub-60,pitch,MT,,cca,1e-05,0.0001,2
sub-60,pitch,STS,,cca,1.0,0.01,2
sub-60,pitch,temporal,,cca,1.0,0.00031622776601683794,2
sub-60,pitch,frontal,,cca,1.0,0.0031622776601683794,2
sub-60,amplitude,MT,,cca,1e-05,0.0031622776601683794,2
sub-60,amplitude,STS,,cca,1.0,0.001,2
sub-60,amplitude,temporal,,cca,1e-05,0.31622776601683794,2
sub-60,amplitude,frontal,,cca,1.0,1.0,2
sub-60,music,MT,,cca,1e-05,0.00031622776601683794,2
sub-60,music,STS,,cca,1e-05,0.31622776601683794,2
sub-60,music,temporal,,cca,1.0,1.0,2
sub-60,music,frontal,,cca,1.0,0.00031622776601683794,2
sub-60,speaking,MT,,cca,1e-05,0.001,2
sub-60,speaking,STS,,cca,1e-05,0.0031622776601683794,2
sub-60,speaking,temporal,,cca,1e-05,0.1,2
sub-60,speaking,frontal,,cca,1e-05,0.31622776601683794,2
sub-60,turn_taking,MT,,cca,1e-05,0.1,2
sub-60,turn_taking,STS,,cca,1e-05,0.0001,2
sub-60,turn_taking,temporal,,cca,1.0,0.03162277660168379,2
sub-60,turn_taking,frontal,,cca,1.0,0.03162277660168379,2
sub-60,mentalization,MT,,cca,1.0,0.03162277660168379,2
sub-60,mentalization,STS,,cca,1.0,3.1622776601683795e-05,2
sub-60,mentalization,temporal,,cca,1e-05,1.0,2
sub-60,mentalization,frontal,,cca,1e-05,0.01,2
sub-60,written_text,MT,,cca,1.0,0.0001,2
sub-60,written_text,STS,,cca,1.0,0.1,2
sub-60,written_text,temporal,,cca,1e-05,0.03162277660168379,2
sub-60,written_text,frontal,,cca,1e-05,0.0001,2
sub-61,pixel,MT,,cca,1e-05,0.00031622776601683794,2
sub-61,pixel,STS,,cca,1e-05,0.0001,2
sub-61,pixel,temporal,,cca,1e-05,0.1,2
sub-61,pixel,frontal,,cca,1.0,1e-05,2
sub-61,hue,MT,,cca,1e-05,0.03162277660168379,2
sub-61,hue,STS,,cca,1.0,3.1622776601683795e-05,2
sub-61,hue,temporal,,cca,1.0,0.1,2
sub-61,hue,frontal,,cca,1.0,0.00031622776601683794,2
sub-61,face,MT,,cca,1e-05,1.0,2
sub-61,face,STS,,cca,1e-05,0.0001,2
sub-61,face,temporal,,cca,1e-05,1e-05,2
sub-61,face,frontal,,cca,1e-05,0.0001,2
sub-61,num_agents,MT,,cca,1.0,0.01,2
sub-61,num_agents,STS,,cca,1e-05,0.001,2
sub-61,num_agents,temporal,,cca,1e-05,0.1,2
sub-61,num_agents,frontal,,cca,1.0,0.0001,2
sub-61,social,MT,,cca,1.0,0.31622776601683794,2
sub-61,social,STS,,cca,1e-05,0.1,2
sub-61,social,temporal,,cca,1e-05,0.03162277660168379,2
sub-61,social,frontal,,cca,1.0,0.001,2
sub-61,valence,MT,,cca,1.0,0.03162277660168379,2
sub-61,valence,STS,,cca,1.0,0.1,2
sub-61,valence,temporal,,cca,1.0,0.03162277660168379,2
sub-61,valence,frontal,,cca,1e-05,3.1622776601683795e-05,2
sub-61,arousal,MT,,cca,1e-05,0.001,2
sub-61,arousal,STS,,cca,1.0,0.31622776601683794,2
sub-61,arousal,temporal,,cca,1e-05,0.03162277660168379,2
sub-61,arousal,frontal,,cca,1e-05,1.0,2
sub-61,pitch,MT,,cca,1e-05,0.001,2
sub-61,pitch,STS,,cca,1.0,0.31622776601683794,2
sub-61,pitch,temporal,,cca,1.0,1e-05,2
sub-61,pitch,frontal,,cca,1.0,0.31622776601683794,2
sub-61,amplitude,MT,,cca,1.0,0.00031622776601683794,2
sub-61,amplitude,STS,,cca,1.0,0.00031622776601683794,2
sub-61,amplitude,temporal,,cca,1.0,0.001,2
sub-61,amplitude,frontal,,cca,1.0,0.03162277660168379,2
sub-61,music,MT,,cca,1.0,0.0001,2
sub-61,music,STS,,cca,1e-05,0.03162277660168379,2
sub-61,music,temporal,,cca,1e-05,0.001,2
sub-61,music,frontal,,cca,1.0,0.001,2
sub-61,speaking,MT,,cca,1.0,0.001,2
sub-61,speaking,STS,,cca,1e-05,0.0001,2
sub-61,speaking,temporal,,cca,1e-05,0.00031622776601683794,2
sub-61,speaking,frontal,,cca,1e-05,1.0,2
sub-61,turn_taking,MT,,cca,1e-05,0.03162277660168379,2
sub-61,turn_taking,STS,,cca,1e-05,0.00031622776601683794,2
sub-61,turn_taking,temporal,,cca,1e-05,0.31622776601683794,2
sub-61,turn_taking,frontal,,cca,1.0,0.0031622776601683794,2
sub-61,mentalization,MT,,cca,1.0,0.1,2
sub-61,mentalization,STS,,cca,1e-05,0.01,2
sub-61,mentalization,temporal,,cca,1e-05,1.0,2
sub-61,mentalization,frontal,,cca,1e-05,0.001,2
sub-61,written_text,MT,,cca,1.0,0.00031622776601683794,2
sub-61,written_text,STS,,cca,1.0,0.1,2
sub-61,written_text,temporal,,cca,1e-05,0.1,2
sub-61,written_text,frontal,,cca,1.0,0.1,2
sub-62,pixel,MT,,cca,0.01,0.01,1
sub-62,pixel,STS,,cca,1e-05,0.1,2
sub-62,pixel,temporal,,cca,1.0,0.00031622776601683794,2
sub-62,pixel,frontal,,cca,1.0,1.0,2
sub-62,hue,MT,,cca,0.01,0.01,1
sub-62,hue,STS,,cca,1e-05,1e-05,2
sub-62,hue,temporal,,cca,0.31622776601683794,1e-05,2
sub-62,hue,frontal,,cca,1.0,0.03162277660168379,2
sub-62,face,MT,,cca,0.01,0.03162277660168379,1
sub-62,face,STS,,cca,1e-05,1e-05,2
sub-62,face,temporal,,cca,1e-05,0.31622776601683794,2
sub-62,face,frontal,,cca,1e-05,0.31622776601683794,2
sub-62,num_agents,MT,,cca,1e-05,0.0001,1
sub-62,num_agents,STS,,cca,1e-05,0.01,2
sub-62,num_agents,temporal,,cca,1.0,1.0,2
sub-62,num_agents,frontal,,cca,1e-05,0.0031622776601683794,2
sub-62,social,MT,,cca,0.0031622776601683794,0.31622776601683794,1
sub-62,social,STS,,cca,1e-05,0.03162277660168379,2
sub-62,social,temporal,,cca,1.0,3.1622776601683795e-05,2
sub-62,social,frontal,,cca,1e-05,0.31622776601683794,2
sub-62,valence,MT,,cca,0.01,0.31622776601683794,1
sub-62,valence,STS,,cca,1e-05,0.001,2
sub-62,valence,temporal,,cca,1.0,0.03162277660168379,2
sub-62,valence,frontal,,cca,1e-05,3.1622776601683795e-05,2
sub-62,arousal,MT,,cca,0.00031622776601683794,0.1,1
sub-62,arousal,STS,,cca,1e-05,1e-05,2
sub-62,arousal,temporal,,cca,1e-05,1.0,2
sub-62,arousal,frontal,,cca,1.0,1e-05,2
sub-62,pitch,MT,,cca,0.01,0.03162277660168379,1
sub-62,pitch,STS,,cca,1.0,1.0,2
sub-62,pitch,temporal,,cca,1e-05,0.03162277660168379,2
sub-62,pitch,frontal,,cca,1.0,0.1,2
sub-62,amplitude,MT,,cca,0.01,0.31622776601683794,1
sub-62,amplitude,STS,,cca,1e-05,0.31622776601683794,2
sub-62,amplitude,temporal,,cca,1e-05,0.0001,2
sub-62,amplitude,frontal,,cca,1.0,0.00031622776601683794,2
sub-62,music,MT,,cca,0.1,0.0031622776601683794,1
sub-62,music,STS,,cca,1e-05,0.0001,2
sub-62,music,temporal,,cca,1e-05,1.0,2
sub-62,music,frontal,,cca,1e-05,0.001,2
sub-62,speaking,MT,,cca,0.0001,0.0001,1
sub-62,speaking,STS,,cca,1e-05,0.1,2
sub-62,speaking,temporal,,cca,1.0,0.0031622776601683794,2
sub-62,speaking,frontal,,cca,1e-05,0.00031622776601683794,2
sub-62,turn_taking,MT,,cca,1e-05,1.0,1
sub-62,turn_taking,STS,,cca,1e-05,3.1622776601683795e-05,2
sub-62,turn_taking,temporal,,cca,1e-05,0.001,2
sub-62,turn_taking,frontal,,cca,1e-05,0.1,2
sub-62,mentalization,MT,,cca,0.01,0.0001,1
sub-62,mentalization,STS,,cca,1.0,0.31622776601683794,2
sub-62,mentalization,temporal,,cca,1e-05,0.1,2
sub-62,mentalization,frontal,,cca,1.0,0.1,2
sub-62,written_text,MT,,cca,0.01,1e-05,1
sub-62,written_text,STS,,cca,1e-05,0.00031622776601683794,2
sub-62,written_text,temporal,,cca,1e-05,0.1,2
sub-62,written_text,frontal,,cca,1e-05,3.1622776601683795e-05,2
