,subject,name1,name2,names,name1_measure,name2_measure,name1_model,name2_model,mask1,mask2,hemi,total_voxels1,total_voxels2,total_voxels,voxels1_only,voxels2_only,voxels_overlap,DICE_coef,proportion_of_voxels1_in_this_hemi,proportion_of_voxels2_in_this_hemi,proportion_of_all_voxels_in_this_hemi,proportion_of_overlap_in_this_hemi,proportion_of_1_that_is_also_2,proportion_of_2_that_is_also_1,proportion_of_voxels_that_is_voxels1,proportion_of_voxels_that_is_voxels2,proportion_of_voxels_that_is_overlap
0,nan,nan,nan,nan,nan,nan,nan,nan,nan,nan,nan,nan,nan,nan,nan,nan,nan,nan,nan,nan,nan,nan,nan,nan,nan,nan,nan
1,nan,nan,nan,nan,nan,nan,nan,nan,nan,nan,nan,nan,nan,nan,nan,nan,nan,nan,nan,nan,nan,nan,nan,nan,nan,nan,nan
2,nan,nan,nan,nan,nan,nan,nan,nan,nan,nan,nan,nan,nan,nan,nan,nan,nan,nan,nan,nan,nan,nan,nan,nan,nan,nan,nan
3,nan,nan,nan,nan,nan,nan,nan,nan,nan,nan,nan,nan,nan,nan,nan,nan,nan,nan,nan,nan,nan,nan,nan,nan,nan,nan,nan
4,nan,nan,nan,nan,nan,nan,nan,nan,nan,nan,nan,nan,nan,nan,nan,nan,nan,nan,nan,nan,nan,nan,nan,nan,nan,nan,nan
5,nan,nan,nan,nan,nan,nan,nan,nan,nan,nan,nan,nan,nan,nan,nan,nan,nan,nan,nan,nan,nan,nan,nan,nan,nan,nan,nan
6,sub-05,interact-no_interact,interact-no_interact,interact-no_interact-SIpointlights_interact-no_interact-SIpointlights,SIpointlights,SIpointlights,glm,glm,pSTS,pSTS,all,300,300,600,0,0,300,1.0,1.0,1.0,1.0,1.0,1.0,1.0,0.0,0.0,0.5
7,sub-05,interact-no_interact,interact-no_interact,interact-no_interact-SIpointlights_interact-no_interact-SIpointlights,SIpointlights,SIpointlights,glm,glm,pSTS,pSTS,left,151,151,302,0,0,151,1.0,0.5033333333333333,0.5033333333333333,0.5033333333333333,0.5033333333333333,1.0,1.0,0.0,0.0,0.5
8,sub-05,interact-no_interact,interact-no_interact,interact-no_interact-SIpointlights_interact-no_interact-SIpointlights,SIpointlights,SIpointlights,glm,glm,pSTS,pSTS,right,149,149,298,0,0,149,1.0,0.49666666666666665,0.49666666666666665,0.49666666666666665,0.49666666666666665,1.0,1.0,0.0,0.0,0.5
9,nan,nan,nan,nan,nan,nan,nan,nan,nan,nan,nan,nan,nan,nan,nan,nan,nan,nan,nan,nan,nan,nan,nan,nan,nan,nan,nan
10,nan,nan,nan,nan,nan,nan,nan,nan,nan,nan,nan,nan,nan,nan,nan,nan,nan,nan,nan,nan,nan,nan,nan,nan,nan,nan,nan
11,nan,nan,nan,nan,nan,nan,nan,nan,nan,nan,nan,nan,nan,nan,nan,nan,nan,nan,nan,nan,nan,nan,nan,nan,nan,nan,nan
12,nan,nan,nan,nan,nan,nan,nan,nan,nan,nan,nan,nan,nan,nan,nan,nan,nan,nan,nan,nan,nan,nan,nan,nan,nan,nan,nan
13,nan,nan,nan,nan,nan,nan,nan,nan,nan,nan,nan,nan,nan,nan,nan,nan,nan,nan,nan,nan,nan,nan,nan,nan,nan,nan,nan
14,nan,nan,nan,nan,nan,nan,nan,nan,nan,nan,nan,nan,nan,nan,nan,nan,nan,nan,nan,nan,nan,nan,nan,nan,nan,nan,nan
15,sub-06,interact-no_interact,interact-no_interact,interact-no_interact-SIpointlights_interact-no_interact-SIpointlights,SIpointlights,SIpointlights,glm,glm,pSTS,pSTS,all,300,300,600,0,0,300,1.0,1.0,1.0,1.0,1.0,1.0,1.0,0.0,0.0,0.5
16,sub-06,interact-no_interact,interact-no_interact,interact-no_interact-SIpointlights_interact-no_interact-SIpointlights,SIpointlights,SIpointlights,glm,glm,pSTS,pSTS,left,91,91,182,0,0,91,1.0,0.30333333333333334,0.30333333333333334,0.30333333333333334,0.30333333333333334,1.0,1.0,0.0,0.0,0.5
17,sub-06,interact-no_interact,interact-no_interact,interact-no_interact-SIpointlights_interact-no_interact-SIpointlights,SIpointlights,SIpointlights,glm,glm,pSTS,pSTS,right,209,209,418,0,0,209,1.0,0.6966666666666667,0.6966666666666667,0.6966666666666667,0.6966666666666667,1.0,1.0,0.0,0.0,0.5
18,nan,nan,nan,nan,nan,nan,nan,nan,nan,nan,nan,nan,nan,nan,nan,nan,nan,nan,nan,nan,nan,nan,nan,nan,nan,nan,nan
19,nan,nan,nan,nan,nan,nan,nan,nan,nan,nan,nan,nan,nan,nan,nan,nan,nan,nan,nan,nan,nan,nan,nan,nan,nan,nan,nan
20,nan,nan,nan,nan,nan,nan,nan,nan,nan,nan,nan,nan,nan,nan,nan,nan,nan,nan,nan,nan,nan,nan,nan,nan,nan,nan,nan
21,nan,nan,nan,nan,nan,nan,nan,nan,nan,nan,nan,nan,nan,nan,nan,nan,nan,nan,nan,nan,nan,nan,nan,nan,nan,nan,nan
22,nan,nan,nan,nan,nan,nan,nan,nan,nan,nan,nan,nan,nan,nan,nan,nan,nan,nan,nan,nan,nan,nan,nan,nan,nan,nan,nan
23,nan,nan,nan,nan,nan,nan,nan,nan,nan,nan,nan,nan,nan,nan,nan,nan,nan,nan,nan,nan,nan,nan,nan,nan,nan,nan,nan
24,sub-07,interact-no_interact,interact-no_interact,interact-no_interact-SIpointlights_interact-no_interact-SIpointlights,SIpointlights,SIpointlights,glm,glm,pSTS,pSTS,all,300,300,600,0,0,300,1.0,1.0,1.0,1.0,1.0,1.0,1.0,0.0,0.0,0.5
25,sub-07,interact-no_interact,interact-no_interact,interact-no_interact-SIpointlights_interact-no_interact-SIpointlights,SIpointlights,SIpointlights,glm,glm,pSTS,pSTS,left,9,9,18,0,0,9,1.0,0.03,0.03,0.03,0.03,1.0,1.0,0.0,0.0,0.5
26,sub-07,interact-no_interact,interact-no_interact,interact-no_interact-SIpointlights_interact-no_interact-SIpointlights,SIpointlights,SIpointlights,glm,glm,pSTS,pSTS,right,291,291,582,0,0,291,1.0,0.97,0.97,0.97,0.97,1.0,1.0,0.0,0.0,0.5
27,nan,nan,nan,nan,nan,nan,nan,nan,nan,nan,nan,nan,nan,nan,nan,nan,nan,nan,nan,nan,nan,nan,nan,nan,nan,nan,nan
28,nan,nan,nan,nan,nan,nan,nan,nan,nan,nan,nan,nan,nan,nan,nan,nan,nan,nan,nan,nan,nan,nan,nan,nan,nan,nan,nan
29,nan,nan,nan,nan,nan,nan,nan,nan,nan,nan,nan,nan,nan,nan,nan,nan,nan,nan,nan,nan,nan,nan,nan,nan,nan,nan,nan
30,nan,nan,nan,nan,nan,nan,nan,nan,nan,nan,nan,nan,nan,nan,nan,nan,nan,nan,nan,nan,nan,nan,nan,nan,nan,nan,nan
31,nan,nan,nan,nan,nan,nan,nan,nan,nan,nan,nan,nan,nan,nan,nan,nan,nan,nan,nan,nan,nan,nan,nan,nan,nan,nan,nan
32,nan,nan,nan,nan,nan,nan,nan,nan,nan,nan,nan,nan,nan,nan,nan,nan,nan,nan,nan,nan,nan,nan,nan,nan,nan,nan,nan
33,sub-08,interact-no_interact,interact-no_interact,interact-no_interact-SIpointlights_interact-no_interact-SIpointlights,SIpointlights,SIpointlights,glm,glm,pSTS,pSTS,all,300,300,600,0,0,300,1.0,1.0,1.0,1.0,1.0,1.0,1.0,0.0,0.0,0.5
34,sub-08,interact-no_interact,interact-no_interact,interact-no_interact-SIpointlights_interact-no_interact-SIpointlights,SIpointlights,SIpointlights,glm,glm,pSTS,pSTS,left,144,144,288,0,0,144,1.0,0.48,0.48,0.48,0.48,1.0,1.0,0.0,0.0,0.5
35,sub-08,interact-no_interact,interact-no_interact,interact-no_interact-SIpointlights_interact-no_interact-SIpointlights,SIpointlights,SIpointlights,glm,glm,pSTS,pSTS,right,156,156,312,0,0,156,1.0,0.52,0.52,0.52,0.52,1.0,1.0,0.0,0.0,0.5
36,nan,nan,nan,nan,nan,nan,nan,nan,nan,nan,nan,nan,nan,nan,nan,nan,nan,nan,nan,nan,nan,nan,nan,nan,nan,nan,nan
37,nan,nan,nan,nan,nan,nan,nan,nan,nan,nan,nan,nan,nan,nan,nan,nan,nan,nan,nan,nan,nan,nan,nan,nan,nan,nan,nan
38,nan,nan,nan,nan,nan,nan,nan,nan,nan,nan,nan,nan,nan,nan,nan,nan,nan,nan,nan,nan,nan,nan,nan,nan,nan,nan,nan
39,nan,nan,nan,nan,nan,nan,nan,nan,nan,nan,nan,nan,nan,nan,nan,nan,nan,nan,nan,nan,nan,nan,nan,nan,nan,nan,nan
40,nan,nan,nan,nan,nan,nan,nan,nan,nan,nan,nan,nan,nan,nan,nan,nan,nan,nan,nan,nan,nan,nan,nan,nan,nan,nan,nan
41,nan,nan,nan,nan,nan,nan,nan,nan,nan,nan,nan,nan,nan,nan,nan,nan,nan,nan,nan,nan,nan,nan,nan,nan,nan,nan,nan
42,sub-09,interact-no_interact,interact-no_interact,interact-no_interact-SIpointlights_interact-no_interact-SIpointlights,SIpointlights,SIpointlights,glm,glm,pSTS,pSTS,all,300,300,600,0,0,300,1.0,1.0,1.0,1.0,1.0,1.0,1.0,0.0,0.0,0.5
43,sub-09,interact-no_interact,interact-no_interact,interact-no_interact-SIpointlights_interact-no_interact-SIpointlights,SIpointlights,SIpointlights,glm,glm,pSTS,pSTS,left,92,92,184,0,0,92,1.0,0.30666666666666664,0.30666666666666664,0.30666666666666664,0.30666666666666664,1.0,1.0,0.0,0.0,0.5
44,sub-09,interact-no_interact,interact-no_interact,interact-no_interact-SIpointlights_interact-no_interact-SIpointlights,SIpointlights,SIpointlights,glm,glm,pSTS,pSTS,right,208,208,416,0,0,208,1.0,0.6933333333333334,0.6933333333333334,0.6933333333333334,0.6933333333333334,1.0,1.0,0.0,0.0,0.5
45,nan,nan,nan,nan,nan,nan,nan,nan,nan,nan,nan,nan,nan,nan,nan,nan,nan,nan,nan,nan,nan,nan,nan,nan,nan,nan,nan
46,nan,nan,nan,nan,nan,nan,nan,nan,nan,nan,nan,nan,nan,nan,nan,nan,nan,nan,nan,nan,nan,nan,nan,nan,nan,nan,nan
47,nan,nan,nan,nan,nan,nan,nan,nan,nan,nan,nan,nan,nan,nan,nan,nan,nan,nan,nan,nan,nan,nan,nan,nan,nan,nan,nan
48,nan,nan,nan,nan,nan,nan,nan,nan,nan,nan,nan,nan,nan,nan,nan,nan,nan,nan,nan,nan,nan,nan,nan,nan,nan,nan,nan
49,nan,nan,nan,nan,nan,nan,nan,nan,nan,nan,nan,nan,nan,nan,nan,nan,nan,nan,nan,nan,nan,nan,nan,nan,nan,nan,nan
50,nan,nan,nan,nan,nan,nan,nan,nan,nan,nan,nan,nan,nan,nan,nan,nan,nan,nan,nan,nan,nan,nan,nan,nan,nan,nan,nan
51,sub-10,interact-no_interact,interact-no_interact,interact-no_interact-SIpointlights_interact-no_interact-SIpointlights,SIpointlights,SIpointlights,glm,glm,pSTS,pSTS,all,300,300,600,0,0,300,1.0,1.0,1.0,1.0,1.0,1.0,1.0,0.0,0.0,0.5
52,sub-10,interact-no_interact,interact-no_interact,interact-no_interact-SIpointlights_interact-no_interact-SIpointlights,SIpointlights,SIpointlights,glm,glm,pSTS,pSTS,left,78,78,156,0,0,78,1.0,0.26,0.26,0.26,0.26,1.0,1.0,0.0,0.0,0.5
53,sub-10,interact-no_interact,interact-no_interact,interact-no_interact-SIpointlights_interact-no_interact-SIpointlights,SIpointlights,SIpointlights,glm,glm,pSTS,pSTS,right,222,222,444,0,0,222,1.0,0.74,0.74,0.74,0.74,1.0,1.0,0.0,0.0,0.5
54,nan,nan,nan,nan,nan,nan,nan,nan,nan,nan,nan,nan,nan,nan,nan,nan,nan,nan,nan,nan,nan,nan,nan,nan,nan,nan,nan
55,nan,nan,nan,nan,nan,nan,nan,nan,nan,nan,nan,nan,nan,nan,nan,nan,nan,nan,nan,nan,nan,nan,nan,nan,nan,nan,nan
56,nan,nan,nan,nan,nan,nan,nan,nan,nan,nan,nan,nan,nan,nan,nan,nan,nan,nan,nan,nan,nan,nan,nan,nan,nan,nan,nan
57,nan,nan,nan,nan,nan,nan,nan,nan,nan,nan,nan,nan,nan,nan,nan,nan,nan,nan,nan,nan,nan,nan,nan,nan,nan,nan,nan
58,nan,nan,nan,nan,nan,nan,nan,nan,nan,nan,nan,nan,nan,nan,nan,nan,nan,nan,nan,nan,nan,nan,nan,nan,nan,nan,nan
59,nan,nan,nan,nan,nan,nan,nan,nan,nan,nan,nan,nan,nan,nan,nan,nan,nan,nan,nan,nan,nan,nan,nan,nan,nan,nan,nan
60,sub-14,interact-no_interact,interact-no_interact,interact-no_interact-SIpointlights_interact-no_interact-SIpointlights,SIpointlights,SIpointlights,glm,glm,pSTS,pSTS,all,300,300,600,0,0,300,1.0,1.0,1.0,1.0,1.0,1.0,1.0,0.0,0.0,0.5
61,sub-14,interact-no_interact,interact-no_interact,interact-no_interact-SIpointlights_interact-no_interact-SIpointlights,SIpointlights,SIpointlights,glm,glm,pSTS,pSTS,left,96,96,192,0,0,96,1.0,0.32,0.32,0.32,0.32,1.0,1.0,0.0,0.0,0.5
62,sub-14,interact-no_interact,interact-no_interact,interact-no_interact-SIpointlights_interact-no_interact-SIpointlights,SIpointlights,SIpointlights,glm,glm,pSTS,pSTS,right,204,204,408,0,0,204,1.0,0.68,0.68,0.68,0.68,1.0,1.0,0.0,0.0,0.5
63,nan,nan,nan,nan,nan,nan,nan,nan,nan,nan,nan,nan,nan,nan,nan,nan,nan,nan,nan,nan,nan,nan,nan,nan,nan,nan,nan
64,nan,nan,nan,nan,nan,nan,nan,nan,nan,nan,nan,nan,nan,nan,nan,nan,nan,nan,nan,nan,nan,nan,nan,nan,nan,nan,nan
65,nan,nan,nan,nan,nan,nan,nan,nan,nan,nan,nan,nan,nan,nan,nan,nan,nan,nan,nan,nan,nan,nan,nan,nan,nan,nan,nan
66,nan,nan,nan,nan,nan,nan,nan,nan,nan,nan,nan,nan,nan,nan,nan,nan,nan,nan,nan,nan,nan,nan,nan,nan,nan,nan,nan
67,nan,nan,nan,nan,nan,nan,nan,nan,nan,nan,nan,nan,nan,nan,nan,nan,nan,nan,nan,nan,nan,nan,nan,nan,nan,nan,nan
68,nan,nan,nan,nan,nan,nan,nan,nan,nan,nan,nan,nan,nan,nan,nan,nan,nan,nan,nan,nan,nan,nan,nan,nan,nan,nan,nan
69,sub-15,interact-no_interact,interact-no_interact,interact-no_interact-SIpointlights_interact-no_interact-SIpointlights,SIpointlights,SIpointlights,glm,glm,pSTS,pSTS,all,300,300,600,0,0,300,1.0,1.0,1.0,1.0,1.0,1.0,1.0,0.0,0.0,0.5
70,sub-15,interact-no_interact,interact-no_interact,interact-no_interact-SIpointlights_interact-no_interact-SIpointlights,SIpointlights,SIpointlights,glm,glm,pSTS,pSTS,left,24,24,48,0,0,24,1.0,0.08,0.08,0.08,0.08,1.0,1.0,0.0,0.0,0.5
71,sub-15,interact-no_interact,interact-no_interact,interact-no_interact-SIpointlights_interact-no_interact-SIpointlights,SIpointlights,SIpointlights,glm,glm,pSTS,pSTS,right,276,276,552,0,0,276,1.0,0.92,0.92,0.92,0.92,1.0,1.0,0.0,0.0,0.5
72,nan,nan,nan,nan,nan,nan,nan,nan,nan,nan,nan,nan,nan,nan,nan,nan,nan,nan,nan,nan,nan,nan,nan,nan,nan,nan,nan
73,nan,nan,nan,nan,nan,nan,nan,nan,nan,nan,nan,nan,nan,nan,nan,nan,nan,nan,nan,nan,nan,nan,nan,nan,nan,nan,nan
74,nan,nan,nan,nan,nan,nan,nan,nan,nan,nan,nan,nan,nan,nan,nan,nan,nan,nan,nan,nan,nan,nan,nan,nan,nan,nan,nan
75,nan,nan,nan,nan,nan,nan,nan,nan,nan,nan,nan,nan,nan,nan,nan,nan,nan,nan,nan,nan,nan,nan,nan,nan,nan,nan,nan
76,nan,nan,nan,nan,nan,nan,nan,nan,nan,nan,nan,nan,nan,nan,nan,nan,nan,nan,nan,nan,nan,nan,nan,nan,nan,nan,nan
77,nan,nan,nan,nan,nan,nan,nan,nan,nan,nan,nan,nan,nan,nan,nan,nan,nan,nan,nan,nan,nan,nan,nan,nan,nan,nan,nan
78,sub-16,interact-no_interact,interact-no_interact,interact-no_interact-SIpointlights_interact-no_interact-SIpointlights,SIpointlights,SIpointlights,glm,glm,pSTS,pSTS,all,300,300,600,0,0,300,1.0,1.0,1.0,1.0,1.0,1.0,1.0,0.0,0.0,0.5
79,sub-16,interact-no_interact,interact-no_interact,interact-no_interact-SIpointlights_interact-no_interact-SIpointlights,SIpointlights,SIpointlights,glm,glm,pSTS,pSTS,left,190,190,380,0,0,190,1.0,0.6333333333333333,0.6333333333333333,0.6333333333333333,0.6333333333333333,1.0,1.0,0.0,0.0,0.5
80,sub-16,interact-no_interact,interact-no_interact,interact-no_interact-SIpointlights_interact-no_interact-SIpointlights,SIpointlights,SIpointlights,glm,glm,pSTS,pSTS,right,110,110,220,0,0,110,1.0,0.36666666666666664,0.36666666666666664,0.36666666666666664,0.36666666666666664,1.0,1.0,0.0,0.0,0.5
81,sub-19,intact-degraded,intact-degraded,intact-degraded-language_intact-degraded-language,language,language,glm,glm,pSTS,pSTS,all,300,300,600,0,0,300,1.0,1.0,1.0,1.0,1.0,1.0,1.0,0.0,0.0,0.5
82,sub-19,intact-degraded,intact-degraded,intact-degraded-language_intact-degraded-language,language,language,glm,glm,pSTS,pSTS,left,97,97,194,0,0,97,1.0,0.3233333333333333,0.3233333333333333,0.3233333333333333,0.3233333333333333,1.0,1.0,0.0,0.0,0.5
83,sub-19,intact-degraded,intact-degraded,intact-degraded-language_intact-degraded-language,language,language,glm,glm,pSTS,pSTS,right,203,203,406,0,0,203,1.0,0.6766666666666666,0.6766666666666666,0.6766666666666666,0.6766666666666666,1.0,1.0,0.0,0.0,0.5
84,sub-19,intact-degraded,interact-no_interact,intact-degraded-language_interact-no_interact-SIpointlights,language,SIpointlights,glm,glm,pSTS,pSTS,all,300,300,600,289,289,11,0.03666666666666667,1.0,1.0,1.0,1.0,0.03666666666666667,0.03666666666666667,0.4816666666666667,0.4816666666666667,0.018333333333333333
85,sub-19,intact-degraded,interact-no_interact,intact-degraded-language_interact-no_interact-SIpointlights,language,SIpointlights,glm,glm,pSTS,pSTS,left,97,69,166,95,67,2,0.024096385542168676,0.3233333333333333,0.23,0.27666666666666667,0.18181818181818182,0.020618556701030927,0.028985507246376812,0.572289156626506,0.4036144578313253,0.012048192771084338
86,sub-19,intact-degraded,interact-no_interact,intact-degraded-language_interact-no_interact-SIpointlights,language,SIpointlights,glm,glm,pSTS,pSTS,right,203,231,434,194,222,9,0.041474654377880185,0.6766666666666666,0.77,0.7233333333333334,0.8181818181818182,0.04433497536945813,0.03896103896103896,0.4470046082949309,0.511520737327189,0.020737327188940093
87,sub-19,interact-no_interact,interact-no_interact,interact-no_interact-SIpointlights_interact-no_interact-SIpointlights,SIpointlights,SIpointlights,glm,glm,pSTS,pSTS,all,300,300,600,0,0,300,1.0,1.0,1.0,1.0,1.0,1.0,1.0,0.0,0.0,0.5
88,sub-19,interact-no_interact,interact-no_interact,interact-no_interact-SIpointlights_interact-no_interact-SIpointlights,SIpointlights,SIpointlights,glm,glm,pSTS,pSTS,left,69,69,138,0,0,69,1.0,0.23,0.23,0.23,0.23,1.0,1.0,0.0,0.0,0.5
89,sub-19,interact-no_interact,interact-no_interact,interact-no_interact-SIpointlights_interact-no_interact-SIpointlights,SIpointlights,SIpointlights,glm,glm,pSTS,pSTS,right,231,231,462,0,0,231,1.0,0.77,0.77,0.77,0.77,1.0,1.0,0.0,0.0,0.5
90,sub-23,intact-degraded,intact-degraded,intact-degraded-language_intact-degraded-language,language,language,glm,glm,pSTS,pSTS,all,300,300,600,0,0,300,1.0,1.0,1.0,1.0,1.0,1.0,1.0,0.0,0.0,0.5
91,sub-23,intact-degraded,intact-degraded,intact-degraded-language_intact-degraded-language,language,language,glm,glm,pSTS,pSTS,left,262,262,524,0,0,262,1.0,0.8733333333333333,0.8733333333333333,0.8733333333333333,0.8733333333333333,1.0,1.0,0.0,0.0,0.5
92,sub-23,intact-degraded,intact-degraded,intact-degraded-language_intact-degraded-language,language,language,glm,glm,pSTS,pSTS,right,38,38,76,0,0,38,1.0,0.12666666666666668,0.12666666666666668,0.12666666666666668,0.12666666666666668,1.0,1.0,0.0,0.0,0.5
93,sub-23,intact-degraded,interact-no_interact,intact-degraded-language_interact-no_interact-SIpointlights,language,SIpointlights,glm,glm,pSTS,pSTS,all,300,300,600,215,215,85,0.2833333333333333,1.0,1.0,1.0,1.0,0.2833333333333333,0.2833333333333333,0.35833333333333334,0.35833333333333334,0.14166666666666666
94,sub-23,intact-degraded,interact-no_interact,intact-degraded-language_interact-no_interact-SIpointlights,language,SIpointlights,glm,glm,pSTS,pSTS,left,262,231,493,185,154,77,0.31237322515212984,0.8733333333333333,0.77,0.8216666666666667,0.9058823529411765,0.29389312977099236,0.3333333333333333,0.3752535496957404,0.31237322515212984,0.15618661257606492
95,sub-23,intact-degraded,interact-no_interact,intact-degraded-language_interact-no_interact-SIpointlights,language,SIpointlights,glm,glm,pSTS,pSTS,right,38,69,107,30,61,8,0.14953271028037382,0.12666666666666668,0.23,0.17833333333333334,0.09411764705882353,0.21052631578947367,0.11594202898550725,0.2803738317757009,0.5700934579439252,0.07476635514018691
96,sub-23,interact-no_interact,interact-no_interact,interact-no_interact-SIpointlights_interact-no_interact-SIpointlights,SIpointlights,SIpointlights,glm,glm,pSTS,pSTS,all,300,300,600,0,0,300,1.0,1.0,1.0,1.0,1.0,1.0,1.0,0.0,0.0,0.5
97,sub-23,interact-no_interact,interact-no_interact,interact-no_interact-SIpointlights_interact-no_interact-SIpointlights,SIpointlights,SIpointlights,glm,glm,pSTS,pSTS,left,231,231,462,0,0,231,1.0,0.77,0.77,0.77,0.77,1.0,1.0,0.0,0.0,0.5
98,sub-23,interact-no_interact,interact-no_interact,interact-no_interact-SIpointlights_interact-no_interact-SIpointlights,SIpointlights,SIpointlights,glm,glm,pSTS,pSTS,right,69,69,138,0,0,69,1.0,0.23,0.23,0.23,0.23,1.0,1.0,0.0,0.0,0.5
99,sub-25,intact-degraded,intact-degraded,intact-degraded-language_intact-degraded-language,language,language,glm,glm,pSTS,pSTS,all,300,300,600,0,0,300,1.0,1.0,1.0,1.0,1.0,1.0,1.0,0.0,0.0,0.5
100,sub-25,intact-degraded,intact-degraded,intact-degraded-language_intact-degraded-language,language,language,glm,glm,pSTS,pSTS,left,209,209,418,0,0,209,1.0,0.6966666666666667,0.6966666666666667,0.6966666666666667,0.6966666666666667,1.0,1.0,0.0,0.0,0.5
101,sub-25,intact-degraded,intact-degraded,intact-degraded-language_intact-degraded-language,language,language,glm,glm,pSTS,pSTS,right,91,91,182,0,0,91,1.0,0.30333333333333334,0.30333333333333334,0.30333333333333334,0.30333333333333334,1.0,1.0,0.0,0.0,0.5
102,sub-25,intact-degraded,interact-no_interact,intact-degraded-language_interact-no_interact-SIpointlights,language,SIpointlights,glm,glm,pSTS,pSTS,all,300,300,600,292,292,8,0.02666666666666667,1.0,1.0,1.0,1.0,0.02666666666666667,0.02666666666666667,0.4866666666666667,0.4866666666666667,0.013333333333333334
103,sub-25,intact-degraded,interact-no_interact,intact-degraded-language_interact-no_interact-SIpointlights,language,SIpointlights,glm,glm,pSTS,pSTS,left,209,112,321,206,109,3,0.018691588785046728,0.6966666666666667,0.37333333333333335,0.535,0.375,0.014354066985645933,0.026785714285714284,0.6417445482866043,0.3395638629283489,0.009345794392523364
104,sub-25,intact-degraded,interact-no_interact,intact-degraded-language_interact-no_interact-SIpointlights,language,SIpointlights,glm,glm,pSTS,pSTS,right,91,188,279,86,183,5,0.035842293906810034,0.30333333333333334,0.6266666666666667,0.465,0.625,0.054945054945054944,0.026595744680851064,0.30824372759856633,0.6559139784946236,0.017921146953405017
105,sub-25,interact-no_interact,interact-no_interact,interact-no_interact-SIpointlights_interact-no_interact-SIpointlights,SIpointlights,SIpointlights,glm,glm,pSTS,pSTS,all,300,300,600,0,0,300,1.0,1.0,1.0,1.0,1.0,1.0,1.0,0.0,0.0,0.5
106,sub-25,interact-no_interact,interact-no_interact,interact-no_interact-SIpointlights_interact-no_interact-SIpointlights,SIpointlights,SIpointlights,glm,glm,pSTS,pSTS,left,112,112,224,0,0,112,1.0,0.37333333333333335,0.37333333333333335,0.37333333333333335,0.37333333333333335,1.0,1.0,0.0,0.0,0.5
107,sub-25,interact-no_interact,interact-no_interact,interact-no_interact-SIpointlights_interact-no_interact-SIpointlights,SIpointlights,SIpointlights,glm,glm,pSTS,pSTS,right,188,188,376,0,0,188,1.0,0.6266666666666667,0.6266666666666667,0.6266666666666667,0.6266666666666667,1.0,1.0,0.0,0.0,0.5
108,sub-26,intact-degraded,intact-degraded,intact-degraded-language_intact-degraded-language,language,language,glm,glm,pSTS,pSTS,all,300,300,600,0,0,300,1.0,1.0,1.0,1.0,1.0,1.0,1.0,0.0,0.0,0.5
109,sub-26,intact-degraded,intact-degraded,intact-degraded-language_intact-degraded-language,language,language,glm,glm,pSTS,pSTS,left,179,179,358,0,0,179,1.0,0.5966666666666667,0.5966666666666667,0.5966666666666667,0.5966666666666667,1.0,1.0,0.0,0.0,0.5
110,sub-26,intact-degraded,intact-degraded,intact-degraded-language_intact-degraded-language,language,language,glm,glm,pSTS,pSTS,right,121,121,242,0,0,121,1.0,0.4033333333333333,0.4033333333333333,0.4033333333333333,0.4033333333333333,1.0,1.0,0.0,0.0,0.5
111,sub-26,intact-degraded,interact-no_interact,intact-degraded-language_interact-no_interact-SIpointlights,language,SIpointlights,glm,glm,pSTS,pSTS,all,300,300,600,230,230,70,0.23333333333333334,1.0,1.0,1.0,1.0,0.23333333333333334,0.23333333333333334,0.38333333333333336,0.38333333333333336,0.11666666666666667
112,sub-26,intact-degraded,interact-no_interact,intact-degraded-language_interact-no_interact-SIpointlights,language,SIpointlights,glm,glm,pSTS,pSTS,left,179,140,319,136,97,43,0.26959247648902823,0.5966666666666667,0.4666666666666667,0.5316666666666666,0.6142857142857143,0.24022346368715083,0.30714285714285716,0.4263322884012539,0.30407523510971785,0.13479623824451412
113,sub-26,intact-degraded,interact-no_interact,intact-degraded-language_interact-no_interact-SIpointlights,language,SIpointlights,glm,glm,pSTS,pSTS,right,121,160,281,94,133,27,0.19217081850533807,0.4033333333333333,0.5333333333333333,0.4683333333333333,0.38571428571428573,0.2231404958677686,0.16875,0.33451957295373663,0.47330960854092524,0.09608540925266904
114,sub-26,interact-no_interact,interact-no_interact,interact-no_interact-SIpointlights_interact-no_interact-SIpointlights,SIpointlights,SIpointlights,glm,glm,pSTS,pSTS,all,300,300,600,0,0,300,1.0,1.0,1.0,1.0,1.0,1.0,1.0,0.0,0.0,0.5
115,sub-26,interact-no_interact,interact-no_interact,interact-no_interact-SIpointlights_interact-no_interact-SIpointlights,SIpointlights,SIpointlights,glm,glm,pSTS,pSTS,left,140,140,280,0,0,140,1.0,0.4666666666666667,0.4666666666666667,0.4666666666666667,0.4666666666666667,1.0,1.0,0.0,0.0,0.5
116,sub-26,interact-no_interact,interact-no_interact,interact-no_interact-SIpointlights_interact-no_interact-SIpointlights,SIpointlights,SIpointlights,glm,glm,pSTS,pSTS,right,160,160,320,0,0,160,1.0,0.5333333333333333,0.5333333333333333,0.5333333333333333,0.5333333333333333,1.0,1.0,0.0,0.0,0.5
117,sub-28,intact-degraded,intact-degraded,intact-degraded-language_intact-degraded-language,language,language,glm,glm,pSTS,pSTS,all,300,300,600,0,0,300,1.0,1.0,1.0,1.0,1.0,1.0,1.0,0.0,0.0,0.5
118,sub-28,intact-degraded,intact-degraded,intact-degraded-language_intact-degraded-language,language,language,glm,glm,pSTS,pSTS,left,271,271,542,0,0,271,1.0,0.9033333333333333,0.9033333333333333,0.9033333333333333,0.9033333333333333,1.0,1.0,0.0,0.0,0.5
119,sub-28,intact-degraded,intact-degraded,intact-degraded-language_intact-degraded-language,language,language,glm,glm,pSTS,pSTS,right,29,29,58,0,0,29,1.0,0.09666666666666666,0.09666666666666666,0.09666666666666666,0.09666666666666666,1.0,1.0,0.0,0.0,0.5
120,sub-28,intact-degraded,interact-no_interact,intact-degraded-language_interact-no_interact-SIpointlights,language,SIpointlights,glm,glm,pSTS,pSTS,all,300,300,600,279,279,21,0.07,1.0,1.0,1.0,1.0,0.07,0.07,0.465,0.465,0.035
121,sub-28,intact-degraded,interact-no_interact,intact-degraded-language_interact-no_interact-SIpointlights,language,SIpointlights,glm,glm,pSTS,pSTS,left,271,86,357,258,73,13,0.07282913165266107,0.9033333333333333,0.2866666666666667,0.595,0.6190476190476191,0.04797047970479705,0.1511627906976744,0.7226890756302521,0.20448179271708683,0.036414565826330535
122,sub-28,intact-degraded,interact-no_interact,intact-degraded-language_interact-no_interact-SIpointlights,language,SIpointlights,glm,glm,pSTS,pSTS,right,29,214,243,21,206,8,0.06584362139917696,0.09666666666666666,0.7133333333333334,0.405,0.38095238095238093,0.27586206896551724,0.037383177570093455,0.08641975308641975,0.8477366255144033,0.03292181069958848
123,sub-28,interact-no_interact,interact-no_interact,interact-no_interact-SIpointlights_interact-no_interact-SIpointlights,SIpointlights,SIpointlights,glm,glm,pSTS,pSTS,all,300,300,600,0,0,300,1.0,1.0,1.0,1.0,1.0,1.0,1.0,0.0,0.0,0.5
124,sub-28,interact-no_interact,interact-no_interact,interact-no_interact-SIpointlights_interact-no_interact-SIpointlights,SIpointlights,SIpointlights,glm,glm,pSTS,pSTS,left,86,86,172,0,0,86,1.0,0.2866666666666667,0.2866666666666667,0.2866666666666667,0.2866666666666667,1.0,1.0,0.0,0.0,0.5
125,sub-28,interact-no_interact,interact-no_interact,interact-no_interact-SIpointlights_interact-no_interact-SIpointlights,SIpointlights,SIpointlights,glm,glm,pSTS,pSTS,right,214,214,428,0,0,214,1.0,0.7133333333333334,0.7133333333333334,0.7133333333333334,0.7133333333333334,1.0,1.0,0.0,0.0,0.5
126,sub-32,intact-degraded,intact-degraded,intact-degraded-language_intact-degraded-language,language,language,glm,glm,pSTS,pSTS,all,300,300,600,0,0,300,1.0,1.0,1.0,1.0,1.0,1.0,1.0,0.0,0.0,0.5
127,sub-32,intact-degraded,intact-degraded,intact-degraded-language_intact-degraded-language,language,language,glm,glm,pSTS,pSTS,left,300,300,600,0,0,300,1.0,1.0,1.0,1.0,1.0,1.0,1.0,0.0,0.0,0.5
128,sub-32,intact-degraded,intact-degraded,intact-degraded-language_intact-degraded-language,language,language,glm,glm,pSTS,pSTS,right,0,0,nan,0,0,0,nan,0.0,0.0,nan,0.0,0,0,nan,nan,nan
129,sub-32,intact-degraded,interact-no_interact,intact-degraded-language_interact-no_interact-SIpointlights,language,SIpointlights,glm,glm,pSTS,pSTS,all,300,300,600,295,295,5,0.016666666666666666,1.0,1.0,1.0,1.0,0.016666666666666666,0.016666666666666666,0.49166666666666664,0.49166666666666664,0.008333333333333333
130,sub-32,intact-degraded,interact-no_interact,intact-degraded-language_interact-no_interact-SIpointlights,language,SIpointlights,glm,glm,pSTS,pSTS,left,300,104,404,295,99,5,0.024752475247524754,1.0,0.3466666666666667,0.6733333333333333,1.0,0.016666666666666666,0.04807692307692308,0.7301980198019802,0.24504950495049505,0.012376237623762377
131,sub-32,intact-degraded,interact-no_interact,intact-degraded-language_interact-no_interact-SIpointlights,language,SIpointlights,glm,glm,pSTS,pSTS,right,0,196,196,0,196,0,0.0,0.0,0.6533333333333333,0.32666666666666666,0.0,0,0.0,0.0,1.0,0.0
132,sub-32,interact-no_interact,interact-no_interact,interact-no_interact-SIpointlights_interact-no_interact-SIpointlights,SIpointlights,SIpointlights,glm,glm,pSTS,pSTS,all,300,300,600,0,0,300,1.0,1.0,1.0,1.0,1.0,1.0,1.0,0.0,0.0,0.5
133,sub-32,interact-no_interact,interact-no_interact,interact-no_interact-SIpointlights_interact-no_interact-SIpointlights,SIpointlights,SIpointlights,glm,glm,pSTS,pSTS,left,104,104,208,0,0,104,1.0,0.3466666666666667,0.3466666666666667,0.3466666666666667,0.3466666666666667,1.0,1.0,0.0,0.0,0.5
134,sub-32,interact-no_interact,interact-no_interact,interact-no_interact-SIpointlights_interact-no_interact-SIpointlights,SIpointlights,SIpointlights,glm,glm,pSTS,pSTS,right,196,196,392,0,0,196,1.0,0.6533333333333333,0.6533333333333333,0.6533333333333333,0.6533333333333333,1.0,1.0,0.0,0.0,0.5
135,sub-33,intact-degraded,intact-degraded,intact-degraded-language_intact-degraded-language,language,language,glm,glm,pSTS,pSTS,all,300,300,600,0,0,300,1.0,1.0,1.0,1.0,1.0,1.0,1.0,0.0,0.0,0.5
136,sub-33,intact-degraded,intact-degraded,intact-degraded-language_intact-degraded-language,language,language,glm,glm,pSTS,pSTS,left,264,264,528,0,0,264,1.0,0.88,0.88,0.88,0.88,1.0,1.0,0.0,0.0,0.5
137,sub-33,intact-degraded,intact-degraded,intact-degraded-language_intact-degraded-language,language,language,glm,glm,pSTS,pSTS,right,36,36,72,0,0,36,1.0,0.12,0.12,0.12,0.12,1.0,1.0,0.0,0.0,0.5
138,sub-33,intact-degraded,interact-no_interact,intact-degraded-language_interact-no_interact-SIpointlights,language,SIpointlights,glm,glm,pSTS,pSTS,all,300,300,600,271,271,29,0.09666666666666666,1.0,1.0,1.0,1.0,0.09666666666666666,0.09666666666666666,0.45166666666666666,0.45166666666666666,0.04833333333333333
139,sub-33,intact-degraded,interact-no_interact,intact-degraded-language_interact-no_interact-SIpointlights,language,SIpointlights,glm,glm,pSTS,pSTS,left,264,77,341,245,58,19,0.11143695014662756,0.88,0.25666666666666665,0.5683333333333334,0.6551724137931034,0.07196969696969698,0.24675324675324675,0.718475073313783,0.17008797653958943,0.05571847507331378
140,sub-33,intact-degraded,interact-no_interact,intact-degraded-language_interact-no_interact-SIpointlights,language,SIpointlights,glm,glm,pSTS,pSTS,right,36,223,259,26,213,10,0.07722007722007722,0.12,0.7433333333333333,0.43166666666666664,0.3448275862068966,0.2777777777777778,0.04484304932735426,0.10038610038610038,0.8223938223938224,0.03861003861003861
141,sub-33,interact-no_interact,interact-no_interact,interact-no_interact-SIpointlights_interact-no_interact-SIpointlights,SIpointlights,SIpointlights,glm,glm,pSTS,pSTS,all,300,300,600,0,0,300,1.0,1.0,1.0,1.0,1.0,1.0,1.0,0.0,0.0,0.5
142,sub-33,interact-no_interact,interact-no_interact,interact-no_interact-SIpointlights_interact-no_interact-SIpointlights,SIpointlights,SIpointlights,glm,glm,pSTS,pSTS,left,77,77,154,0,0,77,1.0,0.25666666666666665,0.25666666666666665,0.25666666666666665,0.25666666666666665,1.0,1.0,0.0,0.0,0.5
143,sub-33,interact-no_interact,interact-no_interact,interact-no_interact-SIpointlights_interact-no_interact-SIpointlights,SIpointlights,SIpointlights,glm,glm,pSTS,pSTS,right,223,223,446,0,0,223,1.0,0.7433333333333333,0.7433333333333333,0.7433333333333333,0.7433333333333333,1.0,1.0,0.0,0.0,0.5
144,sub-35,intact-degraded,intact-degraded,intact-degraded-language_intact-degraded-language,language,language,glm,glm,pSTS,pSTS,all,300,300,600,0,0,300,1.0,1.0,1.0,1.0,1.0,1.0,1.0,0.0,0.0,0.5
145,sub-35,intact-degraded,intact-degraded,intact-degraded-language_intact-degraded-language,language,language,glm,glm,pSTS,pSTS,left,128,128,256,0,0,128,1.0,0.4266666666666667,0.4266666666666667,0.4266666666666667,0.4266666666666667,1.0,1.0,0.0,0.0,0.5
146,sub-35,intact-degraded,intact-degraded,intact-degraded-language_intact-degraded-language,language,language,glm,glm,pSTS,pSTS,right,172,172,344,0,0,172,1.0,0.5733333333333334,0.5733333333333334,0.5733333333333334,0.5733333333333334,1.0,1.0,0.0,0.0,0.5
147,sub-35,intact-degraded,interact-no_interact,intact-degraded-language_interact-no_interact-SIpointlights,language,SIpointlights,glm,glm,pSTS,pSTS,all,300,300,600,300,300,0,0.0,1.0,1.0,1.0,nan,0.0,0.0,0.5,0.5,0.0
148,sub-35,intact-degraded,interact-no_interact,intact-degraded-language_interact-no_interact-SIpointlights,language,SIpointlights,glm,glm,pSTS,pSTS,left,128,29,157,128,29,0,0.0,0.4266666666666667,0.09666666666666666,0.26166666666666666,nan,0.0,0.0,0.8152866242038217,0.18471337579617833,0.0
149,sub-35,intact-degraded,interact-no_interact,intact-degraded-language_interact-no_interact-SIpointlights,language,SIpointlights,glm,glm,pSTS,pSTS,right,172,271,443,172,271,0,0.0,0.5733333333333334,0.9033333333333333,0.7383333333333333,nan,0.0,0.0,0.38826185101580135,0.6117381489841986,0.0
150,sub-35,interact-no_interact,interact-no_interact,interact-no_interact-SIpointlights_interact-no_interact-SIpointlights,SIpointlights,SIpointlights,glm,glm,pSTS,pSTS,all,300,300,600,0,0,300,1.0,1.0,1.0,1.0,1.0,1.0,1.0,0.0,0.0,0.5
151,sub-35,interact-no_interact,interact-no_interact,interact-no_interact-SIpointlights_interact-no_interact-SIpointlights,SIpointlights,SIpointlights,glm,glm,pSTS,pSTS,left,29,29,58,0,0,29,1.0,0.09666666666666666,0.09666666666666666,0.09666666666666666,0.09666666666666666,1.0,1.0,0.0,0.0,0.5
152,sub-35,interact-no_interact,interact-no_interact,interact-no_interact-SIpointlights_interact-no_interact-SIpointlights,SIpointlights,SIpointlights,glm,glm,pSTS,pSTS,right,271,271,542,0,0,271,1.0,0.9033333333333333,0.9033333333333333,0.9033333333333333,0.9033333333333333,1.0,1.0,0.0,0.0,0.5
153,sub-36,intact-degraded,intact-degraded,intact-degraded-language_intact-degraded-language,language,language,glm,glm,pSTS,pSTS,all,300,300,600,0,0,300,1.0,1.0,1.0,1.0,1.0,1.0,1.0,0.0,0.0,0.5
154,sub-36,intact-degraded,intact-degraded,intact-degraded-language_intact-degraded-language,language,language,glm,glm,pSTS,pSTS,left,208,208,416,0,0,208,1.0,0.6933333333333334,0.6933333333333334,0.6933333333333334,0.6933333333333334,1.0,1.0,0.0,0.0,0.5
155,sub-36,intact-degraded,intact-degraded,intact-degraded-language_intact-degraded-language,language,language,glm,glm,pSTS,pSTS,right,92,92,184,0,0,92,1.0,0.30666666666666664,0.30666666666666664,0.30666666666666664,0.30666666666666664,1.0,1.0,0.0,0.0,0.5
156,sub-36,intact-degraded,interact-no_interact,intact-degraded-language_interact-no_interact-SIpointlights,language,SIpointlights,glm,glm,pSTS,pSTS,all,300,300,600,300,300,0,0.0,1.0,1.0,1.0,nan,0.0,0.0,0.5,0.5,0.0
157,sub-36,intact-degraded,interact-no_interact,intact-degraded-language_interact-no_interact-SIpointlights,language,SIpointlights,glm,glm,pSTS,pSTS,left,208,135,343,208,135,0,0.0,0.6933333333333334,0.45,0.5716666666666667,nan,0.0,0.0,0.6064139941690962,0.3935860058309038,0.0
158,sub-36,intact-degraded,interact-no_interact,intact-degraded-language_interact-no_interact-SIpointlights,language,SIpointlights,glm,glm,pSTS,pSTS,right,92,165,257,92,165,0,0.0,0.30666666666666664,0.55,0.42833333333333334,nan,0.0,0.0,0.35797665369649806,0.642023346303502,0.0
159,sub-36,interact-no_interact,interact-no_interact,interact-no_interact-SIpointlights_interact-no_interact-SIpointlights,SIpointlights,SIpointlights,glm,glm,pSTS,pSTS,all,300,300,600,0,0,300,1.0,1.0,1.0,1.0,1.0,1.0,1.0,0.0,0.0,0.5
160,sub-36,interact-no_interact,interact-no_interact,interact-no_interact-SIpointlights_interact-no_interact-SIpointlights,SIpointlights,SIpointlights,glm,glm,pSTS,pSTS,left,135,135,270,0,0,135,1.0,0.45,0.45,0.45,0.45,1.0,1.0,0.0,0.0,0.5
161,sub-36,interact-no_interact,interact-no_interact,interact-no_interact-SIpointlights_interact-no_interact-SIpointlights,SIpointlights,SIpointlights,glm,glm,pSTS,pSTS,right,165,165,330,0,0,165,1.0,0.55,0.55,0.55,0.55,1.0,1.0,0.0,0.0,0.5
162,sub-38,intact-degraded,intact-degraded,intact-degraded-language_intact-degraded-language,language,language,glm,glm,pSTS,pSTS,all,300,300,600,0,0,300,1.0,1.0,1.0,1.0,1.0,1.0,1.0,0.0,0.0,0.5
163,sub-38,intact-degraded,intact-degraded,intact-degraded-language_intact-degraded-language,language,language,glm,glm,pSTS,pSTS,left,274,274,548,0,0,274,1.0,0.9133333333333333,0.9133333333333333,0.9133333333333333,0.9133333333333333,1.0,1.0,0.0,0.0,0.5
164,sub-38,intact-degraded,intact-degraded,intact-degraded-language_intact-degraded-language,language,language,glm,glm,pSTS,pSTS,right,26,26,52,0,0,26,1.0,0.08666666666666667,0.08666666666666667,0.08666666666666667,0.08666666666666667,1.0,1.0,0.0,0.0,0.5
165,sub-38,intact-degraded,interact-no_interact,intact-degraded-language_interact-no_interact-SIpointlights,language,SIpointlights,glm,glm,pSTS,pSTS,all,300,300,600,298,298,2,0.006666666666666667,1.0,1.0,1.0,1.0,0.006666666666666667,0.006666666666666667,0.49666666666666665,0.49666666666666665,0.0033333333333333335
166,sub-38,intact-degraded,interact-no_interact,intact-degraded-language_interact-no_interact-SIpointlights,language,SIpointlights,glm,glm,pSTS,pSTS,left,274,19,293,272,17,2,0.013651877133105802,0.9133333333333333,0.06333333333333334,0.48833333333333334,1.0,0.0072992700729927005,0.10526315789473684,0.9283276450511946,0.05802047781569966,0.006825938566552901
167,sub-38,intact-degraded,interact-no_interact,intact-degraded-language_interact-no_interact-SIpointlights,language,SIpointlights,glm,glm,pSTS,pSTS,right,26,281,307,26,281,0,0.0,0.08666666666666667,0.9366666666666666,0.5116666666666667,0.0,0.0,0.0,0.08469055374592833,0.9153094462540716,0.0
168,sub-38,interact-no_interact,interact-no_interact,interact-no_interact-SIpointlights_interact-no_interact-SIpointlights,SIpointlights,SIpointlights,glm,glm,pSTS,pSTS,all,300,300,600,0,0,300,1.0,1.0,1.0,1.0,1.0,1.0,1.0,0.0,0.0,0.5
169,sub-38,interact-no_interact,interact-no_interact,interact-no_interact-SIpointlights_interact-no_interact-SIpointlights,SIpointlights,SIpointlights,glm,glm,pSTS,pSTS,left,19,19,38,0,0,19,1.0,0.06333333333333334,0.06333333333333334,0.06333333333333334,0.06333333333333334,1.0,1.0,0.0,0.0,0.5
170,sub-38,interact-no_interact,interact-no_interact,interact-no_interact-SIpointlights_interact-no_interact-SIpointlights,SIpointlights,SIpointlights,glm,glm,pSTS,pSTS,right,281,281,562,0,0,281,1.0,0.9366666666666666,0.9366666666666666,0.9366666666666666,0.9366666666666666,1.0,1.0,0.0,0.0,0.5
171,sub-39,intact-degraded,intact-degraded,intact-degraded-language_intact-degraded-language,language,language,glm,glm,pSTS,pSTS,all,300,300,600,0,0,300,1.0,1.0,1.0,1.0,1.0,1.0,1.0,0.0,0.0,0.5
172,sub-39,intact-degraded,intact-degraded,intact-degraded-language_intact-degraded-language,language,language,glm,glm,pSTS,pSTS,left,227,227,454,0,0,227,1.0,0.7566666666666667,0.7566666666666667,0.7566666666666667,0.7566666666666667,1.0,1.0,0.0,0.0,0.5
173,sub-39,intact-degraded,intact-degraded,intact-degraded-language_intact-degraded-language,language,language,glm,glm,pSTS,pSTS,right,73,73,146,0,0,73,1.0,0.24333333333333335,0.24333333333333335,0.24333333333333335,0.24333333333333335,1.0,1.0,0.0,0.0,0.5
174,sub-39,intact-degraded,interact-no_interact,intact-degraded-language_interact-no_interact-SIpointlights,language,SIpointlights,glm,glm,pSTS,pSTS,all,300,300,600,298,298,2,0.006666666666666667,1.0,1.0,1.0,1.0,0.006666666666666667,0.006666666666666667,0.49666666666666665,0.49666666666666665,0.0033333333333333335
175,sub-39,intact-degraded,interact-no_interact,intact-degraded-language_interact-no_interact-SIpointlights,language,SIpointlights,glm,glm,pSTS,pSTS,left,227,106,333,225,104,2,0.012012012012012012,0.7566666666666667,0.35333333333333333,0.555,1.0,0.00881057268722467,0.018867924528301886,0.6756756756756757,0.3123123123123123,0.006006006006006006
176,sub-39,intact-degraded,interact-no_interact,intact-degraded-language_interact-no_interact-SIpointlights,language,SIpointlights,glm,glm,pSTS,pSTS,right,73,194,267,73,194,0,0.0,0.24333333333333335,0.6466666666666666,0.445,0.0,0.0,0.0,0.27340823970037453,0.7265917602996255,0.0
177,sub-39,interact-no_interact,interact-no_interact,interact-no_interact-SIpointlights_interact-no_interact-SIpointlights,SIpointlights,SIpointlights,glm,glm,pSTS,pSTS,all,300,300,600,0,0,300,1.0,1.0,1.0,1.0,1.0,1.0,1.0,0.0,0.0,0.5
178,sub-39,interact-no_interact,interact-no_interact,interact-no_interact-SIpointlights_interact-no_interact-SIpointlights,SIpointlights,SIpointlights,glm,glm,pSTS,pSTS,left,106,106,212,0,0,106,1.0,0.35333333333333333,0.35333333333333333,0.35333333333333333,0.35333333333333333,1.0,1.0,0.0,0.0,0.5
179,sub-39,interact-no_interact,interact-no_interact,interact-no_interact-SIpointlights_interact-no_interact-SIpointlights,SIpointlights,SIpointlights,glm,glm,pSTS,pSTS,right,194,194,388,0,0,194,1.0,0.6466666666666666,0.6466666666666666,0.6466666666666666,0.6466666666666666,1.0,1.0,0.0,0.0,0.5
180,sub-41,intact-degraded,intact-degraded,intact-degraded-language_intact-degraded-language,language,language,glm,glm,pSTS,pSTS,all,300,300,600,0,0,300,1.0,1.0,1.0,1.0,1.0,1.0,1.0,0.0,0.0,0.5
181,sub-41,intact-degraded,intact-degraded,intact-degraded-language_intact-degraded-language,language,language,glm,glm,pSTS,pSTS,left,198,198,396,0,0,198,1.0,0.66,0.66,0.66,0.66,1.0,1.0,0.0,0.0,0.5
182,sub-41,intact-degraded,intact-degraded,intact-degraded-language_intact-degraded-language,language,language,glm,glm,pSTS,pSTS,right,102,102,204,0,0,102,1.0,0.34,0.34,0.34,0.34,1.0,1.0,0.0,0.0,0.5
183,sub-41,intact-degraded,interact-no_interact,intact-degraded-language_interact-no_interact-SIpointlights,language,SIpointlights,glm,glm,pSTS,pSTS,all,300,300,600,292,292,8,0.02666666666666667,1.0,1.0,1.0,1.0,0.02666666666666667,0.02666666666666667,0.4866666666666667,0.4866666666666667,0.013333333333333334
184,sub-41,intact-degraded,interact-no_interact,intact-degraded-language_interact-no_interact-SIpointlights,language,SIpointlights,glm,glm,pSTS,pSTS,left,198,194,392,197,193,1,0.00510204081632653,0.66,0.6466666666666666,0.6533333333333333,0.125,0.005050505050505051,0.005154639175257732,0.5025510204081632,0.4923469387755102,0.002551020408163265
185,sub-41,intact-degraded,interact-no_interact,intact-degraded-language_interact-no_interact-SIpointlights,language,SIpointlights,glm,glm,pSTS,pSTS,right,102,106,208,95,99,7,0.0673076923076923,0.34,0.35333333333333333,0.3466666666666667,0.875,0.06862745098039216,0.0660377358490566,0.4567307692307692,0.47596153846153844,0.03365384615384615
186,sub-41,interact-no_interact,interact-no_interact,interact-no_interact-SIpointlights_interact-no_interact-SIpointlights,SIpointlights,SIpointlights,glm,glm,pSTS,pSTS,all,300,300,600,0,0,300,1.0,1.0,1.0,1.0,1.0,1.0,1.0,0.0,0.0,0.5
187,sub-41,interact-no_interact,interact-no_interact,interact-no_interact-SIpointlights_interact-no_interact-SIpointlights,SIpointlights,SIpointlights,glm,glm,pSTS,pSTS,left,194,194,388,0,0,194,1.0,0.6466666666666666,0.6466666666666666,0.6466666666666666,0.6466666666666666,1.0,1.0,0.0,0.0,0.5
188,sub-41,interact-no_interact,interact-no_interact,interact-no_interact-SIpointlights_interact-no_interact-SIpointlights,SIpointlights,SIpointlights,glm,glm,pSTS,pSTS,right,106,106,212,0,0,106,1.0,0.35333333333333333,0.35333333333333333,0.35333333333333333,0.35333333333333333,1.0,1.0,0.0,0.0,0.5
189,sub-45,intact-degraded,intact-degraded,intact-degraded-language_intact-degraded-language,language,language,glm,glm,pSTS,pSTS,all,300,300,600,0,0,300,1.0,1.0,1.0,1.0,1.0,1.0,1.0,0.0,0.0,0.5
190,sub-45,intact-degraded,intact-degraded,intact-degraded-language_intact-degraded-language,language,language,glm,glm,pSTS,pSTS,left,268,268,536,0,0,268,1.0,0.8933333333333333,0.8933333333333333,0.8933333333333333,0.8933333333333333,1.0,1.0,0.0,0.0,0.5
191,sub-45,intact-degraded,intact-degraded,intact-degraded-language_intact-degraded-language,language,language,glm,glm,pSTS,pSTS,right,32,32,64,0,0,32,1.0,0.10666666666666667,0.10666666666666667,0.10666666666666667,0.10666666666666667,1.0,1.0,0.0,0.0,0.5
192,sub-45,intact-degraded,interact-no_interact,intact-degraded-language_interact-no_interact-SIpointlights,language,SIpointlights,glm,glm,pSTS,pSTS,all,300,300,600,296,296,4,0.013333333333333334,1.0,1.0,1.0,1.0,0.013333333333333334,0.013333333333333334,0.49333333333333335,0.49333333333333335,0.006666666666666667
193,sub-45,intact-degraded,interact-no_interact,intact-degraded-language_interact-no_interact-SIpointlights,language,SIpointlights,glm,glm,pSTS,pSTS,left,268,80,348,265,77,3,0.017241379310344827,0.8933333333333333,0.26666666666666666,0.58,0.75,0.011194029850746268,0.0375,0.7614942528735632,0.22126436781609196,0.008620689655172414
194,sub-45,intact-degraded,interact-no_interact,intact-degraded-language_interact-no_interact-SIpointlights,language,SIpointlights,glm,glm,pSTS,pSTS,right,32,220,252,31,219,1,0.007936507936507936,0.10666666666666667,0.7333333333333333,0.42,0.25,0.03125,0.004545454545454545,0.12301587301587301,0.8690476190476191,0.003968253968253968
195,sub-45,interact-no_interact,interact-no_interact,interact-no_interact-SIpointlights_interact-no_interact-SIpointlights,SIpointlights,SIpointlights,glm,glm,pSTS,pSTS,all,300,300,600,0,0,300,1.0,1.0,1.0,1.0,1.0,1.0,1.0,0.0,0.0,0.5
196,sub-45,interact-no_interact,interact-no_interact,interact-no_interact-SIpointlights_interact-no_interact-SIpointlights,SIpointlights,SIpointlights,glm,glm,pSTS,pSTS,left,80,80,160,0,0,80,1.0,0.26666666666666666,0.26666666666666666,0.26666666666666666,0.26666666666666666,1.0,1.0,0.0,0.0,0.5
197,sub-45,interact-no_interact,interact-no_interact,interact-no_interact-SIpointlights_interact-no_interact-SIpointlights,SIpointlights,SIpointlights,glm,glm,pSTS,pSTS,right,220,220,440,0,0,220,1.0,0.7333333333333333,0.7333333333333333,0.7333333333333333,0.7333333333333333,1.0,1.0,0.0,0.0,0.5
198,sub-46,intact-degraded,intact-degraded,intact-degraded-language_intact-degraded-language,language,language,glm,glm,pSTS,pSTS,all,300,300,600,0,0,300,1.0,1.0,1.0,1.0,1.0,1.0,1.0,0.0,0.0,0.5
199,sub-46,intact-degraded,intact-degraded,intact-degraded-language_intact-degraded-language,language,language,glm,glm,pSTS,pSTS,left,233,233,466,0,0,233,1.0,0.7766666666666666,0.7766666666666666,0.7766666666666666,0.7766666666666666,1.0,1.0,0.0,0.0,0.5
200,sub-46,intact-degraded,intact-degraded,intact-degraded-language_intact-degraded-language,language,language,glm,glm,pSTS,pSTS,right,67,67,134,0,0,67,1.0,0.22333333333333333,0.22333333333333333,0.22333333333333333,0.22333333333333333,1.0,1.0,0.0,0.0,0.5
201,sub-46,intact-degraded,interact-no_interact,intact-degraded-language_interact-no_interact-SIpointlights,language,SIpointlights,glm,glm,pSTS,pSTS,all,300,300,600,293,293,7,0.023333333333333334,1.0,1.0,1.0,1.0,0.023333333333333334,0.023333333333333334,0.48833333333333334,0.48833333333333334,0.011666666666666667
202,sub-46,intact-degraded,interact-no_interact,intact-degraded-language_interact-no_interact-SIpointlights,language,SIpointlights,glm,glm,pSTS,pSTS,left,233,241,474,228,236,5,0.02109704641350211,0.7766666666666666,0.8033333333333333,0.79,0.7142857142857143,0.02145922746781116,0.02074688796680498,0.4810126582278481,0.4978902953586498,0.010548523206751054
203,sub-46,intact-degraded,interact-no_interact,intact-degraded-language_interact-no_interact-SIpointlights,language,SIpointlights,glm,glm,pSTS,pSTS,right,67,59,126,65,57,2,0.031746031746031744,0.22333333333333333,0.19666666666666666,0.21,0.2857142857142857,0.029850746268656716,0.03389830508474576,0.5158730158730159,0.4523809523809524,0.015873015873015872
204,sub-46,interact-no_interact,interact-no_interact,interact-no_interact-SIpointlights_interact-no_interact-SIpointlights,SIpointlights,SIpointlights,glm,glm,pSTS,pSTS,all,300,300,600,0,0,300,1.0,1.0,1.0,1.0,1.0,1.0,1.0,0.0,0.0,0.5
205,sub-46,interact-no_interact,interact-no_interact,interact-no_interact-SIpointlights_interact-no_interact-SIpointlights,SIpointlights,SIpointlights,glm,glm,pSTS,pSTS,left,241,241,482,0,0,241,1.0,0.8033333333333333,0.8033333333333333,0.8033333333333333,0.8033333333333333,1.0,1.0,0.0,0.0,0.5
206,sub-46,interact-no_interact,interact-no_interact,interact-no_interact-SIpointlights_interact-no_interact-SIpointlights,SIpointlights,SIpointlights,glm,glm,pSTS,pSTS,right,59,59,118,0,0,59,1.0,0.19666666666666666,0.19666666666666666,0.19666666666666666,0.19666666666666666,1.0,1.0,0.0,0.0,0.5
207,sub-50,intact-degraded,intact-degraded,intact-degraded-language_intact-degraded-language,language,language,glm,glm,pSTS,pSTS,all,300,300,600,0,0,300,1.0,1.0,1.0,1.0,1.0,1.0,1.0,0.0,0.0,0.5
208,sub-50,intact-degraded,intact-degraded,intact-degraded-language_intact-degraded-language,language,language,glm,glm,pSTS,pSTS,left,249,249,498,0,0,249,1.0,0.83,0.83,0.83,0.83,1.0,1.0,0.0,0.0,0.5
209,sub-50,intact-degraded,intact-degraded,intact-degraded-language_intact-degraded-language,language,language,glm,glm,pSTS,pSTS,right,51,51,102,0,0,51,1.0,0.17,0.17,0.17,0.17,1.0,1.0,0.0,0.0,0.5
210,sub-50,intact-degraded,interact-no_interact,intact-degraded-language_interact-no_interact-SIpointlights,language,SIpointlights,glm,glm,pSTS,pSTS,all,300,300,600,291,291,9,0.03,1.0,1.0,1.0,1.0,0.03,0.03,0.485,0.485,0.015
211,sub-50,intact-degraded,interact-no_interact,intact-degraded-language_interact-no_interact-SIpointlights,language,SIpointlights,glm,glm,pSTS,pSTS,left,249,146,395,248,145,1,0.005063291139240506,0.83,0.4866666666666667,0.6583333333333333,0.1111111111111111,0.004016064257028112,0.00684931506849315,0.6278481012658228,0.3670886075949367,0.002531645569620253
212,sub-50,intact-degraded,interact-no_interact,intact-degraded-language_interact-no_interact-SIpointlights,language,SIpointlights,glm,glm,pSTS,pSTS,right,51,154,205,43,146,8,0.07804878048780488,0.17,0.5133333333333333,0.3416666666666667,0.8888888888888888,0.1568627450980392,0.05194805194805195,0.2097560975609756,0.7121951219512195,0.03902439024390244
213,sub-50,interact-no_interact,interact-no_interact,interact-no_interact-SIpointlights_interact-no_interact-SIpointlights,SIpointlights,SIpointlights,glm,glm,pSTS,pSTS,all,300,300,600,0,0,300,1.0,1.0,1.0,1.0,1.0,1.0,1.0,0.0,0.0,0.5
214,sub-50,interact-no_interact,interact-no_interact,interact-no_interact-SIpointlights_interact-no_interact-SIpointlights,SIpointlights,SIpointlights,glm,glm,pSTS,pSTS,left,146,146,292,0,0,146,1.0,0.4866666666666667,0.4866666666666667,0.4866666666666667,0.4866666666666667,1.0,1.0,0.0,0.0,0.5
215,sub-50,interact-no_interact,interact-no_interact,interact-no_interact-SIpointlights_interact-no_interact-SIpointlights,SIpointlights,SIpointlights,glm,glm,pSTS,pSTS,right,154,154,308,0,0,154,1.0,0.5133333333333333,0.5133333333333333,0.5133333333333333,0.5133333333333333,1.0,1.0,0.0,0.0,0.5
216,sub-51,intact-degraded,intact-degraded,intact-degraded-language_intact-degraded-language,language,language,glm,glm,pSTS,pSTS,all,300,300,600,0,0,300,1.0,1.0,1.0,1.0,1.0,1.0,1.0,0.0,0.0,0.5
217,sub-51,intact-degraded,intact-degraded,intact-degraded-language_intact-degraded-language,language,language,glm,glm,pSTS,pSTS,left,259,259,518,0,0,259,1.0,0.8633333333333333,0.8633333333333333,0.8633333333333333,0.8633333333333333,1.0,1.0,0.0,0.0,0.5
218,sub-51,intact-degraded,intact-degraded,intact-degraded-language_intact-degraded-language,language,language,glm,glm,pSTS,pSTS,right,41,41,82,0,0,41,1.0,0.13666666666666666,0.13666666666666666,0.13666666666666666,0.13666666666666666,1.0,1.0,0.0,0.0,0.5
219,sub-51,intact-degraded,interact-no_interact,intact-degraded-language_interact-no_interact-SIpointlights,language,SIpointlights,glm,glm,pSTS,pSTS,all,300,300,600,296,296,4,0.013333333333333334,1.0,1.0,1.0,1.0,0.013333333333333334,0.013333333333333334,0.49333333333333335,0.49333333333333335,0.006666666666666667
220,sub-51,intact-degraded,interact-no_interact,intact-degraded-language_interact-no_interact-SIpointlights,language,SIpointlights,glm,glm,pSTS,pSTS,left,259,55,314,259,55,0,0.0,0.8633333333333333,0.18333333333333332,0.5233333333333333,0.0,0.0,0.0,0.8248407643312102,0.1751592356687898,0.0
221,sub-51,intact-degraded,interact-no_interact,intact-degraded-language_interact-no_interact-SIpointlights,language,SIpointlights,glm,glm,pSTS,pSTS,right,41,245,286,37,241,4,0.027972027972027972,0.13666666666666666,0.8166666666666667,0.4766666666666667,1.0,0.0975609756097561,0.0163265306122449,0.12937062937062938,0.8426573426573427,0.013986013986013986
222,sub-51,interact-no_interact,interact-no_interact,interact-no_interact-SIpointlights_interact-no_interact-SIpointlights,SIpointlights,SIpointlights,glm,glm,pSTS,pSTS,all,300,300,600,0,0,300,1.0,1.0,1.0,1.0,1.0,1.0,1.0,0.0,0.0,0.5
223,sub-51,interact-no_interact,interact-no_interact,interact-no_interact-SIpointlights_interact-no_interact-SIpointlights,SIpointlights,SIpointlights,glm,glm,pSTS,pSTS,left,55,55,110,0,0,55,1.0,0.18333333333333332,0.18333333333333332,0.18333333333333332,0.18333333333333332,1.0,1.0,0.0,0.0,0.5
224,sub-51,interact-no_interact,interact-no_interact,interact-no_interact-SIpointlights_interact-no_interact-SIpointlights,SIpointlights,SIpointlights,glm,glm,pSTS,pSTS,right,245,245,490,0,0,245,1.0,0.8166666666666667,0.8166666666666667,0.8166666666666667,0.8166666666666667,1.0,1.0,0.0,0.0,0.5
225,sub-53,intact-degraded,intact-degraded,intact-degraded-language_intact-degraded-language,language,language,glm,glm,pSTS,pSTS,all,300,300,600,0,0,300,1.0,1.0,1.0,1.0,1.0,1.0,1.0,0.0,0.0,0.5
226,sub-53,intact-degraded,intact-degraded,intact-degraded-language_intact-degraded-language,language,language,glm,glm,pSTS,pSTS,left,166,166,332,0,0,166,1.0,0.5533333333333333,0.5533333333333333,0.5533333333333333,0.5533333333333333,1.0,1.0,0.0,0.0,0.5
227,sub-53,intact-degraded,intact-degraded,intact-degraded-language_intact-degraded-language,language,language,glm,glm,pSTS,pSTS,right,134,134,268,0,0,134,1.0,0.44666666666666666,0.44666666666666666,0.44666666666666666,0.44666666666666666,1.0,1.0,0.0,0.0,0.5
228,sub-53,intact-degraded,interact-no_interact,intact-degraded-language_interact-no_interact-SIpointlights,language,SIpointlights,glm,glm,pSTS,pSTS,all,300,300,600,265,265,35,0.11666666666666667,1.0,1.0,1.0,1.0,0.11666666666666667,0.11666666666666667,0.44166666666666665,0.44166666666666665,0.058333333333333334
229,sub-53,intact-degraded,interact-no_interact,intact-degraded-language_interact-no_interact-SIpointlights,language,SIpointlights,glm,glm,pSTS,pSTS,left,166,258,424,131,223,35,0.1650943396226415,0.5533333333333333,0.86,0.7066666666666667,1.0,0.21084337349397592,0.13565891472868216,0.3089622641509434,0.5259433962264151,0.08254716981132075
230,sub-53,intact-degraded,interact-no_interact,intact-degraded-language_interact-no_interact-SIpointlights,language,SIpointlights,glm,glm,pSTS,pSTS,right,134,42,176,134,42,0,0.0,0.44666666666666666,0.14,0.29333333333333333,0.0,0.0,0.0,0.7613636363636364,0.23863636363636365,0.0
231,sub-53,interact-no_interact,interact-no_interact,interact-no_interact-SIpointlights_interact-no_interact-SIpointlights,SIpointlights,SIpointlights,glm,glm,pSTS,pSTS,all,300,300,600,0,0,300,1.0,1.0,1.0,1.0,1.0,1.0,1.0,0.0,0.0,0.5
232,sub-53,interact-no_interact,interact-no_interact,interact-no_interact-SIpointlights_interact-no_interact-SIpointlights,SIpointlights,SIpointlights,glm,glm,pSTS,pSTS,left,258,258,516,0,0,258,1.0,0.86,0.86,0.86,0.86,1.0,1.0,0.0,0.0,0.5
233,sub-53,interact-no_interact,interact-no_interact,interact-no_interact-SIpointlights_interact-no_interact-SIpointlights,SIpointlights,SIpointlights,glm,glm,pSTS,pSTS,right,42,42,84,0,0,42,1.0,0.14,0.14,0.14,0.14,1.0,1.0,0.0,0.0,0.5
234,sub-54,intact-degraded,intact-degraded,intact-degraded-language_intact-degraded-language,language,language,glm,glm,pSTS,pSTS,all,300,300,600,0,0,300,1.0,1.0,1.0,1.0,1.0,1.0,1.0,0.0,0.0,0.5
235,sub-54,intact-degraded,intact-degraded,intact-degraded-language_intact-degraded-language,language,language,glm,glm,pSTS,pSTS,left,263,263,526,0,0,263,1.0,0.8766666666666667,0.8766666666666667,0.8766666666666667,0.8766666666666667,1.0,1.0,0.0,0.0,0.5
236,sub-54,intact-degraded,intact-degraded,intact-degraded-language_intact-degraded-language,language,language,glm,glm,pSTS,pSTS,right,37,37,74,0,0,37,1.0,0.12333333333333334,0.12333333333333334,0.12333333333333334,0.12333333333333334,1.0,1.0,0.0,0.0,0.5
237,sub-54,intact-degraded,interact-no_interact,intact-degraded-language_interact-no_interact-SIpointlights,language,SIpointlights,glm,glm,pSTS,pSTS,all,300,300,600,283,283,17,0.056666666666666664,1.0,1.0,1.0,1.0,0.056666666666666664,0.056666666666666664,0.4716666666666667,0.4716666666666667,0.028333333333333332
238,sub-54,intact-degraded,interact-no_interact,intact-degraded-language_interact-no_interact-SIpointlights,language,SIpointlights,glm,glm,pSTS,pSTS,left,263,136,399,251,124,12,0.06015037593984962,0.8766666666666667,0.4533333333333333,0.665,0.7058823529411765,0.045627376425855515,0.08823529411764706,0.6290726817042607,0.3107769423558897,0.03007518796992481
239,sub-54,intact-degraded,interact-no_interact,intact-degraded-language_interact-no_interact-SIpointlights,language,SIpointlights,glm,glm,pSTS,pSTS,right,37,164,201,32,159,5,0.04975124378109453,0.12333333333333334,0.5466666666666666,0.335,0.29411764705882354,0.13513513513513514,0.03048780487804878,0.15920398009950248,0.7910447761194029,0.024875621890547265
240,sub-54,interact-no_interact,interact-no_interact,interact-no_interact-SIpointlights_interact-no_interact-SIpointlights,SIpointlights,SIpointlights,glm,glm,pSTS,pSTS,all,300,300,600,0,0,300,1.0,1.0,1.0,1.0,1.0,1.0,1.0,0.0,0.0,0.5
241,sub-54,interact-no_interact,interact-no_interact,interact-no_interact-SIpointlights_interact-no_interact-SIpointlights,SIpointlights,SIpointlights,glm,glm,pSTS,pSTS,left,136,136,272,0,0,136,1.0,0.4533333333333333,0.4533333333333333,0.4533333333333333,0.4533333333333333,1.0,1.0,0.0,0.0,0.5
242,sub-54,interact-no_interact,interact-no_interact,interact-no_interact-SIpointlights_interact-no_interact-SIpointlights,SIpointlights,SIpointlights,glm,glm,pSTS,pSTS,right,164,164,328,0,0,164,1.0,0.5466666666666666,0.5466666666666666,0.5466666666666666,0.5466666666666666,1.0,1.0,0.0,0.0,0.5
243,sub-55,intact-degraded,intact-degraded,intact-degraded-language_intact-degraded-language,language,language,glm,glm,pSTS,pSTS,all,300,300,600,0,0,300,1.0,1.0,1.0,1.0,1.0,1.0,1.0,0.0,0.0,0.5
244,sub-55,intact-degraded,intact-degraded,intact-degraded-language_intact-degraded-language,language,language,glm,glm,pSTS,pSTS,left,235,235,470,0,0,235,1.0,0.7833333333333333,0.7833333333333333,0.7833333333333333,0.7833333333333333,1.0,1.0,0.0,0.0,0.5
245,sub-55,intact-degraded,intact-degraded,intact-degraded-language_intact-degraded-language,language,language,glm,glm,pSTS,pSTS,right,65,65,130,0,0,65,1.0,0.21666666666666667,0.21666666666666667,0.21666666666666667,0.21666666666666667,1.0,1.0,0.0,0.0,0.5
246,sub-55,intact-degraded,interact-no_interact,intact-degraded-language_interact-no_interact-SIpointlights,language,SIpointlights,glm,glm,pSTS,pSTS,all,300,300,600,273,273,27,0.09,1.0,1.0,1.0,1.0,0.09,0.09,0.455,0.455,0.045
247,sub-55,intact-degraded,interact-no_interact,intact-degraded-language_interact-no_interact-SIpointlights,language,SIpointlights,glm,glm,pSTS,pSTS,left,235,181,416,210,156,25,0.1201923076923077,0.7833333333333333,0.6033333333333334,0.6933333333333334,0.9259259259259259,0.10638297872340426,0.13812154696132597,0.5048076923076923,0.375,0.06009615384615385
248,sub-55,intact-degraded,interact-no_interact,intact-degraded-language_interact-no_interact-SIpointlights,language,SIpointlights,glm,glm,pSTS,pSTS,right,65,119,184,63,117,2,0.021739130434782608,0.21666666666666667,0.39666666666666667,0.30666666666666664,0.07407407407407407,0.03076923076923077,0.01680672268907563,0.3423913043478261,0.6358695652173914,0.010869565217391304
249,sub-55,interact-no_interact,interact-no_interact,interact-no_interact-SIpointlights_interact-no_interact-SIpointlights,SIpointlights,SIpointlights,glm,glm,pSTS,pSTS,all,300,300,600,0,0,300,1.0,1.0,1.0,1.0,1.0,1.0,1.0,0.0,0.0,0.5
250,sub-55,interact-no_interact,interact-no_interact,interact-no_interact-SIpointlights_interact-no_interact-SIpointlights,SIpointlights,SIpointlights,glm,glm,pSTS,pSTS,left,181,181,362,0,0,181,1.0,0.6033333333333334,0.6033333333333334,0.6033333333333334,0.6033333333333334,1.0,1.0,0.0,0.0,0.5
251,sub-55,interact-no_interact,interact-no_interact,interact-no_interact-SIpointlights_interact-no_interact-SIpointlights,SIpointlights,SIpointlights,glm,glm,pSTS,pSTS,right,119,119,238,0,0,119,1.0,0.39666666666666667,0.39666666666666667,0.39666666666666667,0.39666666666666667,1.0,1.0,0.0,0.0,0.5
252,sub-56,intact-degraded,intact-degraded,intact-degraded-language_intact-degraded-language,language,language,glm,glm,pSTS,pSTS,all,300,300,600,0,0,300,1.0,1.0,1.0,1.0,1.0,1.0,1.0,0.0,0.0,0.5
253,sub-56,intact-degraded,intact-degraded,intact-degraded-language_intact-degraded-language,language,language,glm,glm,pSTS,pSTS,left,296,296,592,0,0,296,1.0,0.9866666666666667,0.9866666666666667,0.9866666666666667,0.9866666666666667,1.0,1.0,0.0,0.0,0.5
254,sub-56,intact-degraded,intact-degraded,intact-degraded-language_intact-degraded-language,language,language,glm,glm,pSTS,pSTS,right,4,4,8,0,0,4,1.0,0.013333333333333334,0.013333333333333334,0.013333333333333334,0.013333333333333334,1.0,1.0,0.0,0.0,0.5
255,sub-56,intact-degraded,interact-no_interact,intact-degraded-language_interact-no_interact-SIpointlights,language,SIpointlights,glm,glm,pSTS,pSTS,all,300,300,600,295,295,5,0.016666666666666666,1.0,1.0,1.0,1.0,0.016666666666666666,0.016666666666666666,0.49166666666666664,0.49166666666666664,0.008333333333333333
256,sub-56,intact-degraded,interact-no_interact,intact-degraded-language_interact-no_interact-SIpointlights,language,SIpointlights,glm,glm,pSTS,pSTS,left,296,100,396,294,98,2,0.010101010101010102,0.9866666666666667,0.3333333333333333,0.66,0.4,0.006756756756756757,0.02,0.7424242424242424,0.2474747474747475,0.005050505050505051
257,sub-56,intact-degraded,interact-no_interact,intact-degraded-language_interact-no_interact-SIpointlights,language,SIpointlights,glm,glm,pSTS,pSTS,right,4,200,204,1,197,3,0.029411764705882353,0.013333333333333334,0.6666666666666666,0.34,0.6,0.75,0.015,0.004901960784313725,0.9656862745098039,0.014705882352941176
258,sub-56,interact-no_interact,interact-no_interact,interact-no_interact-SIpointlights_interact-no_interact-SIpointlights,SIpointlights,SIpointlights,glm,glm,pSTS,pSTS,all,300,300,600,0,0,300,1.0,1.0,1.0,1.0,1.0,1.0,1.0,0.0,0.0,0.5
259,sub-56,interact-no_interact,interact-no_interact,interact-no_interact-SIpointlights_interact-no_interact-SIpointlights,SIpointlights,SIpointlights,glm,glm,pSTS,pSTS,left,100,100,200,0,0,100,1.0,0.3333333333333333,0.3333333333333333,0.3333333333333333,0.3333333333333333,1.0,1.0,0.0,0.0,0.5
260,sub-56,interact-no_interact,interact-no_interact,interact-no_interact-SIpointlights_interact-no_interact-SIpointlights,SIpointlights,SIpointlights,glm,glm,pSTS,pSTS,right,200,200,400,0,0,200,1.0,0.6666666666666666,0.6666666666666666,0.6666666666666666,0.6666666666666666,1.0,1.0,0.0,0.0,0.5
261,sub-57,intact-degraded,intact-degraded,intact-degraded-language_intact-degraded-language,language,language,glm,glm,pSTS,pSTS,all,300,300,600,0,0,300,1.0,1.0,1.0,1.0,1.0,1.0,1.0,0.0,0.0,0.5
262,sub-57,intact-degraded,intact-degraded,intact-degraded-language_intact-degraded-language,language,language,glm,glm,pSTS,pSTS,left,129,129,258,0,0,129,1.0,0.43,0.43,0.43,0.43,1.0,1.0,0.0,0.0,0.5
263,sub-57,intact-degraded,intact-degraded,intact-degraded-language_intact-degraded-language,language,language,glm,glm,pSTS,pSTS,right,171,171,342,0,0,171,1.0,0.57,0.57,0.57,0.57,1.0,1.0,0.0,0.0,0.5
264,sub-57,intact-degraded,interact-no_interact,intact-degraded-language_interact-no_interact-SIpointlights,language,SIpointlights,glm,glm,pSTS,pSTS,all,300,300,600,272,272,28,0.09333333333333334,1.0,1.0,1.0,1.0,0.09333333333333334,0.09333333333333334,0.4533333333333333,0.4533333333333333,0.04666666666666667
265,sub-57,intact-degraded,interact-no_interact,intact-degraded-language_interact-no_interact-SIpointlights,language,SIpointlights,glm,glm,pSTS,pSTS,left,129,11,140,129,11,0,0.0,0.43,0.03666666666666667,0.23333333333333334,0.0,0.0,0.0,0.9214285714285714,0.07857142857142857,0.0
266,sub-57,intact-degraded,interact-no_interact,intact-degraded-language_interact-no_interact-SIpointlights,language,SIpointlights,glm,glm,pSTS,pSTS,right,171,289,460,143,261,28,0.12173913043478261,0.57,0.9633333333333334,0.7666666666666667,1.0,0.16374269005847952,0.09688581314878893,0.3108695652173913,0.5673913043478261,0.06086956521739131
267,sub-57,interact-no_interact,interact-no_interact,interact-no_interact-SIpointlights_interact-no_interact-SIpointlights,SIpointlights,SIpointlights,glm,glm,pSTS,pSTS,all,300,300,600,0,0,300,1.0,1.0,1.0,1.0,1.0,1.0,1.0,0.0,0.0,0.5
268,sub-57,interact-no_interact,interact-no_interact,interact-no_interact-SIpointlights_interact-no_interact-SIpointlights,SIpointlights,SIpointlights,glm,glm,pSTS,pSTS,left,11,11,22,0,0,11,1.0,0.03666666666666667,0.03666666666666667,0.03666666666666667,0.03666666666666667,1.0,1.0,0.0,0.0,0.5
269,sub-57,interact-no_interact,interact-no_interact,interact-no_interact-SIpointlights_interact-no_interact-SIpointlights,SIpointlights,SIpointlights,glm,glm,pSTS,pSTS,right,289,289,578,0,0,289,1.0,0.9633333333333334,0.9633333333333334,0.9633333333333334,0.9633333333333334,1.0,1.0,0.0,0.0,0.5
270,sub-58,intact-degraded,intact-degraded,intact-degraded-language_intact-degraded-language,language,language,glm,glm,pSTS,pSTS,all,300,300,600,0,0,300,1.0,1.0,1.0,1.0,1.0,1.0,1.0,0.0,0.0,0.5
271,sub-58,intact-degraded,intact-degraded,intact-degraded-language_intact-degraded-language,language,language,glm,glm,pSTS,pSTS,left,114,114,228,0,0,114,1.0,0.38,0.38,0.38,0.38,1.0,1.0,0.0,0.0,0.5
272,sub-58,intact-degraded,intact-degraded,intact-degraded-language_intact-degraded-language,language,language,glm,glm,pSTS,pSTS,right,186,186,372,0,0,186,1.0,0.62,0.62,0.62,0.62,1.0,1.0,0.0,0.0,0.5
273,sub-58,intact-degraded,interact-no_interact,intact-degraded-language_interact-no_interact-SIpointlights,language,SIpointlights,glm,glm,pSTS,pSTS,all,300,300,600,290,290,10,0.03333333333333333,1.0,1.0,1.0,1.0,0.03333333333333333,0.03333333333333333,0.48333333333333334,0.48333333333333334,0.016666666666666666
274,sub-58,intact-degraded,interact-no_interact,intact-degraded-language_interact-no_interact-SIpointlights,language,SIpointlights,glm,glm,pSTS,pSTS,left,114,21,135,114,21,0,0.0,0.38,0.07,0.225,0.0,0.0,0.0,0.8444444444444444,0.15555555555555556,0.0
275,sub-58,intact-degraded,interact-no_interact,intact-degraded-language_interact-no_interact-SIpointlights,language,SIpointlights,glm,glm,pSTS,pSTS,right,186,279,465,176,269,10,0.043010752688172046,0.62,0.93,0.775,1.0,0.053763440860215055,0.035842293906810034,0.37849462365591396,0.578494623655914,0.021505376344086023
276,sub-58,interact-no_interact,interact-no_interact,interact-no_interact-SIpointlights_interact-no_interact-SIpointlights,SIpointlights,SIpointlights,glm,glm,pSTS,pSTS,all,300,300,600,0,0,300,1.0,1.0,1.0,1.0,1.0,1.0,1.0,0.0,0.0,0.5
277,sub-58,interact-no_interact,interact-no_interact,interact-no_interact-SIpointlights_interact-no_interact-SIpointlights,SIpointlights,SIpointlights,glm,glm,pSTS,pSTS,left,21,21,42,0,0,21,1.0,0.07,0.07,0.07,0.07,1.0,1.0,0.0,0.0,0.5
278,sub-58,interact-no_interact,interact-no_interact,interact-no_interact-SIpointlights_interact-no_interact-SIpointlights,SIpointlights,SIpointlights,glm,glm,pSTS,pSTS,right,279,279,558,0,0,279,1.0,0.93,0.93,0.93,0.93,1.0,1.0,0.0,0.0,0.5
279,sub-60,intact-degraded,intact-degraded,intact-degraded-language_intact-degraded-language,language,language,glm,glm,pSTS,pSTS,all,300,300,600,0,0,300,1.0,1.0,1.0,1.0,1.0,1.0,1.0,0.0,0.0,0.5
280,sub-60,intact-degraded,intact-degraded,intact-degraded-language_intact-degraded-language,language,language,glm,glm,pSTS,pSTS,left,212,212,424,0,0,212,1.0,0.7066666666666667,0.7066666666666667,0.7066666666666667,0.7066666666666667,1.0,1.0,0.0,0.0,0.5
281,sub-60,intact-degraded,intact-degraded,intact-degraded-language_intact-degraded-language,language,language,glm,glm,pSTS,pSTS,right,88,88,176,0,0,88,1.0,0.29333333333333333,0.29333333333333333,0.29333333333333333,0.29333333333333333,1.0,1.0,0.0,0.0,0.5
282,sub-60,intact-degraded,interact-no_interact,intact-degraded-language_interact-no_interact-SIpointlights,language,SIpointlights,glm,glm,pSTS,pSTS,all,300,300,600,294,294,6,0.02,1.0,1.0,1.0,1.0,0.02,0.02,0.49,0.49,0.01
283,sub-60,intact-degraded,interact-no_interact,intact-degraded-language_interact-no_interact-SIpointlights,language,SIpointlights,glm,glm,pSTS,pSTS,left,212,229,441,208,225,4,0.018140589569160998,0.7066666666666667,0.7633333333333333,0.735,0.6666666666666666,0.018867924528301886,0.017467248908296942,0.47165532879818595,0.5102040816326531,0.009070294784580499
284,sub-60,intact-degraded,interact-no_interact,intact-degraded-language_interact-no_interact-SIpointlights,language,SIpointlights,glm,glm,pSTS,pSTS,right,88,71,159,86,69,2,0.025157232704402517,0.29333333333333333,0.23666666666666666,0.265,0.3333333333333333,0.022727272727272728,0.028169014084507043,0.5408805031446541,0.4339622641509434,0.012578616352201259
285,sub-60,interact-no_interact,interact-no_interact,interact-no_interact-SIpointlights_interact-no_interact-SIpointlights,SIpointlights,SIpointlights,glm,glm,pSTS,pSTS,all,300,300,600,0,0,300,1.0,1.0,1.0,1.0,1.0,1.0,1.0,0.0,0.0,0.5
286,sub-60,interact-no_interact,interact-no_interact,interact-no_interact-SIpointlights_interact-no_interact-SIpointlights,SIpointlights,SIpointlights,glm,glm,pSTS,pSTS,left,229,229,458,0,0,229,1.0,0.7633333333333333,0.7633333333333333,0.7633333333333333,0.7633333333333333,1.0,1.0,0.0,0.0,0.5
287,sub-60,interact-no_interact,interact-no_interact,interact-no_interact-SIpointlights_interact-no_interact-SIpointlights,SIpointlights,SIpointlights,glm,glm,pSTS,pSTS,right,71,71,142,0,0,71,1.0,0.23666666666666666,0.23666666666666666,0.23666666666666666,0.23666666666666666,1.0,1.0,0.0,0.0,0.5
288,sub-61,intact-degraded,intact-degraded,intact-degraded-language_intact-degraded-language,language,language,glm,glm,pSTS,pSTS,all,300,300,600,0,0,300,1.0,1.0,1.0,1.0,1.0,1.0,1.0,0.0,0.0,0.5
289,sub-61,intact-degraded,intact-degraded,intact-degraded-language_intact-degraded-language,language,language,glm,glm,pSTS,pSTS,left,279,279,558,0,0,279,1.0,0.93,0.93,0.93,0.93,1.0,1.0,0.0,0.0,0.5
290,sub-61,intact-degraded,intact-degraded,intact-degraded-language_intact-degraded-language,language,language,glm,glm,pSTS,pSTS,right,21,21,42,0,0,21,1.0,0.07,0.07,0.07,0.07,1.0,1.0,0.0,0.0,0.5
291,sub-61,intact-degraded,interact-no_interact,intact-degraded-language_interact-no_interact-SIpointlights,language,SIpointlights,glm,glm,pSTS,pSTS,all,300,300,600,300,300,0,0.0,1.0,1.0,1.0,nan,0.0,0.0,0.5,0.5,0.0
292,sub-61,intact-degraded,interact-no_interact,intact-degraded-language_interact-no_interact-SIpointlights,language,SIpointlights,glm,glm,pSTS,pSTS,left,279,84,363,279,84,0,0.0,0.93,0.28,0.605,nan,0.0,0.0,0.768595041322314,0.23140495867768596,0.0
293,sub-61,intact-degraded,interact-no_interact,intact-degraded-language_interact-no_interact-SIpointlights,language,SIpointlights,glm,glm,pSTS,pSTS,right,21,216,237,21,216,0,0.0,0.07,0.72,0.395,nan,0.0,0.0,0.08860759493670886,0.9113924050632911,0.0
294,sub-61,interact-no_interact,interact-no_interact,interact-no_interact-SIpointlights_interact-no_interact-SIpointlights,SIpointlights,SIpointlights,glm,glm,pSTS,pSTS,all,300,300,600,0,0,300,1.0,1.0,1.0,1.0,1.0,1.0,1.0,0.0,0.0,0.5
295,sub-61,interact-no_interact,interact-no_interact,interact-no_interact-SIpointlights_interact-no_interact-SIpointlights,SIpointlights,SIpointlights,glm,glm,pSTS,pSTS,left,84,84,168,0,0,84,1.0,0.28,0.28,0.28,0.28,1.0,1.0,0.0,0.0,0.5
296,sub-61,interact-no_interact,interact-no_interact,interact-no_interact-SIpointlights_interact-no_interact-SIpointlights,SIpointlights,SIpointlights,glm,glm,pSTS,pSTS,right,216,216,432,0,0,216,1.0,0.72,0.72,0.72,0.72,1.0,1.0,0.0,0.0,0.5
297,sub-62,intact-degraded,intact-degraded,intact-degraded-language_intact-degraded-language,language,language,glm,glm,pSTS,pSTS,all,300,300,600,0,0,300,1.0,1.0,1.0,1.0,1.0,1.0,1.0,0.0,0.0,0.5
298,sub-62,intact-degraded,intact-degraded,intact-degraded-language_intact-degraded-language,language,language,glm,glm,pSTS,pSTS,left,258,258,516,0,0,258,1.0,0.86,0.86,0.86,0.86,1.0,1.0,0.0,0.0,0.5
299,sub-62,intact-degraded,intact-degraded,intact-degraded-language_intact-degraded-language,language,language,glm,glm,pSTS,pSTS,right,42,42,84,0,0,42,1.0,0.14,0.14,0.14,0.14,1.0,1.0,0.0,0.0,0.5
300,sub-62,intact-degraded,interact-no_interact,intact-degraded-language_interact-no_interact-SIpointlights,language,SIpointlights,glm,glm,pSTS,pSTS,all,300,300,600,279,279,21,0.07,1.0,1.0,1.0,1.0,0.07,0.07,0.465,0.465,0.035
301,sub-62,intact-degraded,interact-no_interact,intact-degraded-language_interact-no_interact-SIpointlights,language,SIpointlights,glm,glm,pSTS,pSTS,left,258,78,336,251,71,7,0.041666666666666664,0.86,0.26,0.56,0.3333333333333333,0.027131782945736434,0.08974358974358974,0.7470238095238095,0.2113095238095238,0.020833333333333332
302,sub-62,intact-degraded,interact-no_interact,intact-degraded-language_interact-no_interact-SIpointlights,language,SIpointlights,glm,glm,pSTS,pSTS,right,42,222,264,28,208,14,0.10606060606060606,0.14,0.74,0.44,0.6666666666666666,0.3333333333333333,0.06306306306306306,0.10606060606060606,0.7878787878787878,0.05303030303030303
303,sub-62,interact-no_interact,interact-no_interact,interact-no_interact-SIpointlights_interact-no_interact-SIpointlights,SIpointlights,SIpointlights,glm,glm,pSTS,pSTS,all,300,300,600,0,0,300,1.0,1.0,1.0,1.0,1.0,1.0,1.0,0.0,0.0,0.5
304,sub-62,interact-no_interact,interact-no_interact,interact-no_interact-SIpointlights_interact-no_interact-SIpointlights,SIpointlights,SIpointlights,glm,glm,pSTS,pSTS,left,78,78,156,0,0,78,1.0,0.26,0.26,0.26,0.26,1.0,1.0,0.0,0.0,0.5
305,sub-62,interact-no_interact,interact-no_interact,interact-no_interact-SIpointlights_interact-no_interact-SIpointlights,SIpointlights,SIpointlights,glm,glm,pSTS,pSTS,right,222,222,444,0,0,222,1.0,0.74,0.74,0.74,0.74,1.0,1.0,0.0,0.0,0.5
