subject,axis,mask1_name,mask2_name,mask1_measure_label,mask2_measure_label,hemi1,hemi2,hemi_label,corr,corr1,pvalue1
sub-05,alexnet,interact&no_interact-MT,interact-no_interact-aSTS,SIpointlights,SIpointlights,both,both,both_both,0.39635333523385224,0.39635333523385224,3.6730471941722776e-154
sub-05,alexnet,interact&no_interact-MT,interact-no_interact-pSTS,SIpointlights,SIpointlights,both,both,both_both,0.5185909241589864,0.5185909241589864,7.884291159860249e-281
sub-05,alexnet,interact-no_interact-aSTS,interact-no_interact-pSTS,SIpointlights,SIpointlights,both,both,both_both,0.6995830315156373,0.6995830315156373,0.0
sub-06,alexnet,interact&no_interact-MT,interact-no_interact-aSTS,SIpointlights,SIpointlights,both,both,both_both,0.1320520745006825,0.1320520745006825,2.1398576769429904e-17
sub-06,alexnet,interact&no_interact-MT,interact-no_interact-pSTS,SIpointlights,SIpointlights,both,both,both_both,0.3010494273954826,0.3010494273954826,1.437005597800849e-86
sub-06,alexnet,interact-no_interact-aSTS,interact-no_interact-pSTS,SIpointlights,SIpointlights,both,both,both_both,0.7488419107099515,0.7488419107099515,0.0
sub-07,alexnet,interact&no_interact-MT,interact-no_interact-aSTS,SIpointlights,SIpointlights,both,both,both_both,0.23017544996867598,0.23017544996867598,2.179691142215322e-50
sub-07,alexnet,interact&no_interact-MT,interact-no_interact-pSTS,SIpointlights,SIpointlights,both,both,both_both,0.5250453354269945,0.5250453354269945,4.593339987392038e-289
sub-07,alexnet,interact-no_interact-aSTS,interact-no_interact-pSTS,SIpointlights,SIpointlights,both,both,both_both,0.6503394947829467,0.6503394947829467,0.0
sub-08,alexnet,interact&no_interact-MT,interact-no_interact-aSTS,SIpointlights,SIpointlights,both,both,both_both,0.3074265387250403,0.3074265387250403,2.222695738616142e-90
sub-08,alexnet,interact&no_interact-MT,interact-no_interact-pSTS,SIpointlights,SIpointlights,both,both,both_both,0.5734289066413614,0.5734289066413614,0.0
sub-08,alexnet,interact-no_interact-aSTS,interact-no_interact-pSTS,SIpointlights,SIpointlights,both,both,both_both,0.8112040145775906,0.8112040145775906,0.0
sub-09,alexnet,interact&no_interact-MT,interact-no_interact-aSTS,SIpointlights,SIpointlights,both,both,both_both,0.24779202991026986,0.24779202991026986,2.3280316216578323e-58
sub-09,alexnet,interact&no_interact-MT,interact-no_interact-pSTS,SIpointlights,SIpointlights,both,both,both_both,0.5863431051203842,0.5863431051203842,0.0
sub-09,alexnet,interact-no_interact-aSTS,interact-no_interact-pSTS,SIpointlights,SIpointlights,both,both,both_both,0.6077921255146141,0.6077921255146141,0.0
sub-10,alexnet,interact&no_interact-MT,interact-no_interact-aSTS,SIpointlights,SIpointlights,both,both,both_both,0.3686443748546861,0.3686443748546861,4.747248951106788e-132
sub-10,alexnet,interact&no_interact-MT,interact-no_interact-pSTS,SIpointlights,SIpointlights,both,both,both_both,0.5465100142397242,0.5465100142397242,0.0
sub-10,alexnet,interact-no_interact-aSTS,interact-no_interact-pSTS,SIpointlights,SIpointlights,both,both,both_both,0.6826719779252224,0.6826719779252224,0.0
sub-14,alexnet,interact&no_interact-MT,interact-no_interact-aSTS,SIpointlights,SIpointlights,both,both,both_both,0.4675654083306181,0.4675654083306181,1.3112157789559665e-221
sub-14,alexnet,interact&no_interact-MT,interact-no_interact-pSTS,SIpointlights,SIpointlights,both,both,both_both,0.5711727039478847,0.5711727039478847,0.0
sub-14,alexnet,interact-no_interact-aSTS,interact-no_interact-pSTS,SIpointlights,SIpointlights,both,both,both_both,0.6432304495198448,0.6432304495198448,0.0
sub-15,alexnet,interact&no_interact-MT,interact-no_interact-aSTS,SIpointlights,SIpointlights,both,both,both_both,0.3869208409387395,0.3869208409387395,2.156644638251926e-146
sub-15,alexnet,interact&no_interact-MT,interact-no_interact-pSTS,SIpointlights,SIpointlights,both,both,both_both,0.42110107322053825,0.42110107322053825,8.751629587402292e-176
sub-15,alexnet,interact-no_interact-aSTS,interact-no_interact-pSTS,SIpointlights,SIpointlights,both,both,both_both,0.7389455106768419,0.7389455106768419,0.0
sub-16,alexnet,interact&no_interact-MT,interact-no_interact-aSTS,SIpointlights,SIpointlights,both,both,both_both,0.43487618577331033,0.43487618577331033,1.2419995080866894e-188
sub-16,alexnet,interact&no_interact-MT,interact-no_interact-pSTS,SIpointlights,SIpointlights,both,both,both_both,0.481440304479921,0.481440304479921,9.919113457930087e-237
sub-16,alexnet,interact-no_interact-aSTS,interact-no_interact-pSTS,SIpointlights,SIpointlights,both,both,both_both,0.7951656396998019,0.7951656396998019,0.0
sub-19,alexnet,intact-degraded-aTemp,intact-degraded-frontal,language,language,both,both,both_both,0.7174640205039398,0.7174640205039398,0.0
sub-19,alexnet,intact-degraded-aTemp,intact-degraded-pTemp,language,language,both,both,both_both,0.8360071385442669,0.8360071385442669,0.0
sub-19,alexnet,intact-degraded-aTemp,interact&no_interact-MT,language,SIpointlights,both,both,both_both,0.3557302016954339,0.3557302016954339,1.8382625886414432e-122
sub-19,alexnet,intact-degraded-aTemp,interact-no_interact-aSTS,language,SIpointlights,both,both,both_both,0.8153493940309913,0.8153493940309913,0.0
sub-19,alexnet,intact-degraded-aTemp,interact-no_interact-pSTS,language,SIpointlights,both,both,both_both,0.5608037313358423,0.5608037313358423,0.0
sub-19,alexnet,intact-degraded-frontal,intact-degraded-pTemp,language,language,both,both,both_both,0.7229517406595786,0.7229517406595786,0.0
sub-19,alexnet,intact-degraded-frontal,interact&no_interact-MT,language,SIpointlights,both,both,both_both,0.36827045077447484,0.36827045077447484,9.12696291831011e-132
sub-19,alexnet,intact-degraded-frontal,interact-no_interact-aSTS,language,SIpointlights,both,both,both_both,0.634739583294923,0.634739583294923,0.0
sub-19,alexnet,intact-degraded-frontal,interact-no_interact-pSTS,language,SIpointlights,both,both,both_both,0.4686328622936792,0.4686328622936792,9.527337058263617e-223
sub-19,alexnet,intact-degraded-pTemp,interact&no_interact-MT,language,SIpointlights,both,both,both_both,0.42272412342534293,0.42272412342534293,2.8787181634693814e-177
sub-19,alexnet,intact-degraded-pTemp,interact-no_interact-aSTS,language,SIpointlights,both,both,both_both,0.6282144433395888,0.6282144433395888,0.0
sub-19,alexnet,intact-degraded-pTemp,interact-no_interact-pSTS,language,SIpointlights,both,both,both_both,0.6216028031573045,0.6216028031573045,0.0
sub-19,alexnet,interact&no_interact-MT,interact-no_interact-aSTS,SIpointlights,SIpointlights,both,both,both_both,0.36080728787368116,0.36080728787368116,3.530837788940773e-126
sub-19,alexnet,interact&no_interact-MT,interact-no_interact-pSTS,SIpointlights,SIpointlights,both,both,both_both,0.6279877398800685,0.6279877398800685,0.0
sub-19,alexnet,interact-no_interact-aSTS,interact-no_interact-pSTS,SIpointlights,SIpointlights,both,both,both_both,0.6970836472973501,0.6970836472973501,0.0
sub-23,alexnet,intact-degraded-aTemp,intact-degraded-frontal,language,language,both,both,both_both,0.7436069127813366,0.7436069127813366,0.0
sub-23,alexnet,intact-degraded-aTemp,intact-degraded-pTemp,language,language,both,both,both_both,0.8107314652785687,0.8107314652785687,0.0
sub-23,alexnet,intact-degraded-aTemp,interact&no_interact-MT,language,SIpointlights,both,both,both_both,0.20017984545519835,0.20017984545519835,2.7194381982768717e-38
sub-23,alexnet,intact-degraded-aTemp,interact-no_interact-aSTS,language,SIpointlights,both,both,both_both,0.7897687009791347,0.7897687009791347,0.0
sub-23,alexnet,intact-degraded-aTemp,interact-no_interact-pSTS,language,SIpointlights,both,both,both_both,0.7269311832968388,0.7269311832968388,0.0
sub-23,alexnet,intact-degraded-frontal,intact-degraded-pTemp,language,language,both,both,both_both,0.7532015728551735,0.7532015728551735,0.0
sub-23,alexnet,intact-degraded-frontal,interact&no_interact-MT,language,SIpointlights,both,both,both_both,0.2859183456826396,0.2859183456826396,6.608913558684236e-78
sub-23,alexnet,intact-degraded-frontal,interact-no_interact-aSTS,language,SIpointlights,both,both,both_both,0.7092459040181102,0.7092459040181102,0.0
sub-23,alexnet,intact-degraded-frontal,interact-no_interact-pSTS,language,SIpointlights,both,both,both_both,0.7060037087025715,0.7060037087025715,0.0
sub-23,alexnet,intact-degraded-pTemp,interact&no_interact-MT,language,SIpointlights,both,both,both_both,0.24262690832354322,0.24262690832354322,5.916312812235122e-56
sub-23,alexnet,intact-degraded-pTemp,interact-no_interact-aSTS,language,SIpointlights,both,both,both_both,0.6837432666092866,0.6837432666092866,0.0
sub-23,alexnet,intact-degraded-pTemp,interact-no_interact-pSTS,language,SIpointlights,both,both,both_both,0.847283405497538,0.847283405497538,0.0
sub-23,alexnet,interact&no_interact-MT,interact-no_interact-aSTS,SIpointlights,SIpointlights,both,both,both_both,0.3548436126123561,0.3548436126123561,8.062222797059732e-122
sub-23,alexnet,interact&no_interact-MT,interact-no_interact-pSTS,SIpointlights,SIpointlights,both,both,both_both,0.5317779927879689,0.5317779927879689,7.595850119211553e-298
sub-23,alexnet,interact-no_interact-aSTS,interact-no_interact-pSTS,SIpointlights,SIpointlights,both,both,both_both,0.7697294716614824,0.7697294716614824,0.0
sub-25,alexnet,intact-degraded-aTemp,intact-degraded-frontal,language,language,both,both,both_both,0.43166468097327615,0.43166468097327615,1.3902902066664452e-185
sub-25,alexnet,intact-degraded-aTemp,intact-degraded-pTemp,language,language,both,both,both_both,0.2532966018167556,0.2532966018167556,5.509986547373282e-61
sub-25,alexnet,intact-degraded-aTemp,interact&no_interact-MT,language,SIpointlights,both,both,both_both,0.28466457676546036,0.28466457676546036,3.2685054829937527e-77
sub-25,alexnet,intact-degraded-aTemp,interact-no_interact-aSTS,language,SIpointlights,both,both,both_both,0.5652586278948106,0.5652586278948106,0.0
sub-25,alexnet,intact-degraded-aTemp,interact-no_interact-pSTS,language,SIpointlights,both,both,both_both,0.3173567012826082,0.3173567012826082,1.663228839142939e-96
sub-25,alexnet,intact-degraded-frontal,intact-degraded-pTemp,language,language,both,both,both_both,0.43887455052673696,0.43887455052673696,1.7854479247863617e-192
sub-25,alexnet,intact-degraded-frontal,interact&no_interact-MT,language,SIpointlights,both,both,both_both,0.33375256259176433,0.33375256259176433,3.824887449243194e-107
sub-25,alexnet,intact-degraded-frontal,interact-no_interact-aSTS,language,SIpointlights,both,both,both_both,0.0893200343090183,0.0893200343090183,1.0271401836692177e-08
sub-25,alexnet,intact-degraded-frontal,interact-no_interact-pSTS,language,SIpointlights,both,both,both_both,0.33831138367960306,0.33831138367960306,3.2083825511788104e-110
sub-25,alexnet,intact-degraded-pTemp,interact&no_interact-MT,language,SIpointlights,both,both,both_both,0.65512269528859,0.65512269528859,0.0
sub-25,alexnet,intact-degraded-pTemp,interact-no_interact-aSTS,language,SIpointlights,both,both,both_both,0.19444958064034185,0.19444958064034185,3.4571778034371266e-36
sub-25,alexnet,intact-degraded-pTemp,interact-no_interact-pSTS,language,SIpointlights,both,both,both_both,0.8044908835017504,0.8044908835017504,0.0
sub-25,alexnet,interact&no_interact-MT,interact-no_interact-aSTS,SIpointlights,SIpointlights,both,both,both_both,0.33789206594573773,0.33789206594573773,6.186249174520746e-110
sub-25,alexnet,interact&no_interact-MT,interact-no_interact-pSTS,SIpointlights,SIpointlights,both,both,both_both,0.7260955826599377,0.7260955826599377,0.0
sub-25,alexnet,interact-no_interact-aSTS,interact-no_interact-pSTS,SIpointlights,SIpointlights,both,both,both_both,0.5436091644251024,0.5436091644251024,0.0
sub-26,alexnet,intact-degraded-aTemp,intact-degraded-frontal,language,language,both,both,both_both,0.7851487126370981,0.7851487126370981,0.0
sub-26,alexnet,intact-degraded-aTemp,intact-degraded-pTemp,language,language,both,both,both_both,0.7672047397235416,0.7672047397235416,0.0
sub-26,alexnet,intact-degraded-aTemp,interact&no_interact-MT,language,SIpointlights,both,both,both_both,0.4661158919986871,0.4661158919986871,4.5443636409322e-220
sub-26,alexnet,intact-degraded-aTemp,interact-no_interact-aSTS,language,SIpointlights,both,both,both_both,0.8543423337267897,0.8543423337267897,0.0
sub-26,alexnet,intact-degraded-aTemp,interact-no_interact-pSTS,language,SIpointlights,both,both,both_both,0.7016722703463459,0.7016722703463459,0.0
sub-26,alexnet,intact-degraded-frontal,intact-degraded-pTemp,language,language,both,both,both_both,0.6779151240420223,0.6779151240420223,0.0
sub-26,alexnet,intact-degraded-frontal,interact&no_interact-MT,language,SIpointlights,both,both,both_both,0.4583583603739516,0.4583583603739516,5.928193185666622e-212
sub-26,alexnet,intact-degraded-frontal,interact-no_interact-aSTS,language,SIpointlights,both,both,both_both,0.7275680804815596,0.7275680804815596,0.0
sub-26,alexnet,intact-degraded-frontal,interact-no_interact-pSTS,language,SIpointlights,both,both,both_both,0.6043099524505032,0.6043099524505032,0.0
sub-26,alexnet,intact-degraded-pTemp,interact&no_interact-MT,language,SIpointlights,both,both,both_both,0.2112527186421317,0.2112527186421317,1.521215738687782e-42
sub-26,alexnet,intact-degraded-pTemp,interact-no_interact-aSTS,language,SIpointlights,both,both,both_both,0.5353393149474537,0.5353393149474537,1.427379836451581e-302
sub-26,alexnet,intact-degraded-pTemp,interact-no_interact-pSTS,language,SIpointlights,both,both,both_both,0.8314941640982123,0.8314941640982123,0.0
sub-26,alexnet,interact&no_interact-MT,interact-no_interact-aSTS,SIpointlights,SIpointlights,both,both,both_both,0.5670661859800814,0.5670661859800814,0.0
sub-26,alexnet,interact&no_interact-MT,interact-no_interact-pSTS,SIpointlights,SIpointlights,both,both,both_both,0.4444837008582132,0.4444837008582132,5.938841246570243e-198
sub-26,alexnet,interact-no_interact-aSTS,interact-no_interact-pSTS,SIpointlights,SIpointlights,both,both,both_both,0.6410171039121877,0.6410171039121877,0.0
sub-28,alexnet,intact-degraded-aTemp,intact-degraded-frontal,language,language,both,both,both_both,0.7660778049769198,0.7660778049769198,0.0
sub-28,alexnet,intact-degraded-aTemp,intact-degraded-pTemp,language,language,both,both,both_both,0.66233721746857,0.66233721746857,0.0
sub-28,alexnet,intact-degraded-aTemp,interact&no_interact-MT,language,SIpointlights,both,both,both_both,0.0029965458121920833,0.0029965458121920833,0.8479608903499574
sub-28,alexnet,intact-degraded-aTemp,interact-no_interact-aSTS,language,SIpointlights,both,both,both_both,0.5384293212574732,0.5384293212574732,1.018156615511203e-306
sub-28,alexnet,intact-degraded-aTemp,interact-no_interact-pSTS,language,SIpointlights,both,both,both_both,0.36678820467968637,0.36678820467968637,1.2076522456860317e-130
sub-28,alexnet,intact-degraded-frontal,intact-degraded-pTemp,language,language,both,both,both_both,0.6926206418900022,0.6926206418900022,0.0
sub-28,alexnet,intact-degraded-frontal,interact&no_interact-MT,language,SIpointlights,both,both,both_both,0.059519282343629056,0.059519282343629056,0.00013815369948277117
sub-28,alexnet,intact-degraded-frontal,interact-no_interact-aSTS,language,SIpointlights,both,both,both_both,0.3348466832180512,0.3348466832180512,7.064012026285776e-108
sub-28,alexnet,intact-degraded-frontal,interact-no_interact-pSTS,language,SIpointlights,both,both,both_both,0.4527727663548619,0.4527727663548619,3.0726122318473695e-206
sub-28,alexnet,intact-degraded-pTemp,interact&no_interact-MT,language,SIpointlights,both,both,both_both,0.08960236564287932,0.08960236564287932,9.227026595075508e-09
sub-28,alexnet,intact-degraded-pTemp,interact-no_interact-aSTS,language,SIpointlights,both,both,both_both,0.6765048173831032,0.6765048173831032,0.0
sub-28,alexnet,intact-degraded-pTemp,interact-no_interact-pSTS,language,SIpointlights,both,both,both_both,0.6515594793141083,0.6515594793141083,0.0
sub-28,alexnet,interact&no_interact-MT,interact-no_interact-aSTS,SIpointlights,SIpointlights,both,both,both_both,0.13753602701610537,0.13753602701610537,9.430210513404847e-19
sub-28,alexnet,interact&no_interact-MT,interact-no_interact-pSTS,SIpointlights,SIpointlights,both,both,both_both,0.42040375155784876,0.42040375155784876,3.773028654954756e-175
sub-28,alexnet,interact-no_interact-aSTS,interact-no_interact-pSTS,SIpointlights,SIpointlights,both,both,both_both,0.6296280421384358,0.6296280421384358,0.0
sub-32,alexnet,intact-degraded-aTemp,intact-degraded-frontal,language,language,both,both,both_both,0.7037540178810452,0.7037540178810452,0.0
sub-32,alexnet,intact-degraded-aTemp,intact-degraded-pTemp,language,language,both,both,both_both,0.8781528624634717,0.8781528624634717,0.0
sub-32,alexnet,intact-degraded-aTemp,interact&no_interact-MT,language,SIpointlights,both,both,both_both,0.09696854792815517,0.09696854792815517,5.011244528843165e-10
sub-32,alexnet,intact-degraded-aTemp,interact-no_interact-aSTS,language,SIpointlights,both,both,both_both,0.37171420085824863,0.37171420085824863,2.1454072659588225e-134
sub-32,alexnet,intact-degraded-aTemp,interact-no_interact-pSTS,language,SIpointlights,both,both,both_both,0.32188652258341693,0.32188652258341693,2.226709945625419e-99
sub-32,alexnet,intact-degraded-frontal,intact-degraded-pTemp,language,language,both,both,both_both,0.7804353451187171,0.7804353451187171,0.0
sub-32,alexnet,intact-degraded-frontal,interact&no_interact-MT,language,SIpointlights,both,both,both_both,0.06235542942474428,0.06235542942474428,6.512823406661002e-05
sub-32,alexnet,intact-degraded-frontal,interact-no_interact-aSTS,language,SIpointlights,both,both,both_both,0.37824128504951354,0.37824128504951354,1.820647976176955e-139
sub-32,alexnet,intact-degraded-frontal,interact-no_interact-pSTS,language,SIpointlights,both,both,both_both,0.32798063726430887,0.32798063726430887,2.5300587447222994e-103
sub-32,alexnet,intact-degraded-pTemp,interact&no_interact-MT,language,SIpointlights,both,both,both_both,0.1050796025827167,0.1050796025827167,1.5653043303752807e-11
sub-32,alexnet,intact-degraded-pTemp,interact-no_interact-aSTS,language,SIpointlights,both,both,both_both,0.33851210600378634,0.33851210600378634,2.3422621130878717e-110
sub-32,alexnet,intact-degraded-pTemp,interact-no_interact-pSTS,language,SIpointlights,both,both,both_both,0.31111739018541673,0.31111739018541673,1.2517271624652813e-92
sub-32,alexnet,interact&no_interact-MT,interact-no_interact-aSTS,SIpointlights,SIpointlights,both,both,both_both,0.602535346396783,0.602535346396783,0.0
sub-32,alexnet,interact&no_interact-MT,interact-no_interact-pSTS,SIpointlights,SIpointlights,both,both,both_both,0.6639275317987122,0.6639275317987122,0.0
sub-32,alexnet,interact-no_interact-aSTS,interact-no_interact-pSTS,SIpointlights,SIpointlights,both,both,both_both,0.9349232113970226,0.9349232113970226,0.0
sub-33,alexnet,intact-degraded-aTemp,intact-degraded-frontal,language,language,both,both,both_both,0.6745506919304396,0.6745506919304396,0.0
sub-33,alexnet,intact-degraded-aTemp,intact-degraded-pTemp,language,language,both,both,both_both,0.8447594094209046,0.8447594094209046,0.0
sub-33,alexnet,intact-degraded-aTemp,interact&no_interact-MT,language,SIpointlights,both,both,both_both,0.2014618345873502,0.2014618345873502,9.010651028587647e-39
sub-33,alexnet,intact-degraded-aTemp,interact-no_interact-aSTS,language,SIpointlights,both,both,both_both,0.6716681539802043,0.6716681539802043,0.0
sub-33,alexnet,intact-degraded-aTemp,interact-no_interact-pSTS,language,SIpointlights,both,both,both_both,0.4766050178047265,0.4766050178047265,2.2157631580527155e-231
sub-33,alexnet,intact-degraded-frontal,intact-degraded-pTemp,language,language,both,both,both_both,0.7191842970074815,0.7191842970074815,0.0
sub-33,alexnet,intact-degraded-frontal,interact&no_interact-MT,language,SIpointlights,both,both,both_both,0.09583046803917115,0.09583046803917115,7.974950592371138e-10
sub-33,alexnet,intact-degraded-frontal,interact-no_interact-aSTS,language,SIpointlights,both,both,both_both,0.478131158707523,0.478131158707523,4.639900169332526e-233
sub-33,alexnet,intact-degraded-frontal,interact-no_interact-pSTS,language,SIpointlights,both,both,both_both,0.2906011758298841,0.2906011758298841,1.5686288570939278e-80
sub-33,alexnet,intact-degraded-pTemp,interact&no_interact-MT,language,SIpointlights,both,both,both_both,0.2716249438689657,0.2716249438689657,3.344395191833238e-70
sub-33,alexnet,intact-degraded-pTemp,interact-no_interact-aSTS,language,SIpointlights,both,both,both_both,0.7096765905096022,0.7096765905096022,0.0
sub-33,alexnet,intact-degraded-pTemp,interact-no_interact-pSTS,language,SIpointlights,both,both,both_both,0.6297973237667217,0.6297973237667217,0.0
sub-33,alexnet,interact&no_interact-MT,interact-no_interact-aSTS,SIpointlights,SIpointlights,both,both,both_both,0.4238804805752687,0.4238804805752687,2.4986985216707927e-178
sub-33,alexnet,interact&no_interact-MT,interact-no_interact-pSTS,SIpointlights,SIpointlights,both,both,both_both,0.6375752779001442,0.6375752779001442,0.0
sub-33,alexnet,interact-no_interact-aSTS,interact-no_interact-pSTS,SIpointlights,SIpointlights,both,both,both_both,0.7691365759476857,0.7691365759476857,0.0
sub-35,alexnet,intact-degraded-aTemp,intact-degraded-frontal,language,language,both,both,both_both,0.614842123322668,0.614842123322668,0.0
sub-35,alexnet,intact-degraded-aTemp,intact-degraded-pTemp,language,language,both,both,both_both,0.8615540897324818,0.8615540897324818,0.0
sub-35,alexnet,intact-degraded-aTemp,interact&no_interact-MT,language,SIpointlights,both,both,both_both,0.3584638457605642,0.3584638457605642,1.8697062491457937e-124
sub-35,alexnet,intact-degraded-aTemp,interact-no_interact-aSTS,language,SIpointlights,both,both,both_both,0.826877713005083,0.826877713005083,0.0
sub-35,alexnet,intact-degraded-aTemp,interact-no_interact-pSTS,language,SIpointlights,both,both,both_both,0.7500863473501217,0.7500863473501217,0.0
sub-35,alexnet,intact-degraded-frontal,intact-degraded-pTemp,language,language,both,both,both_both,0.6473975949674112,0.6473975949674112,0.0
sub-35,alexnet,intact-degraded-frontal,interact&no_interact-MT,language,SIpointlights,both,both,both_both,0.39649682712372764,0.39649682712372764,2.785302715514002e-154
sub-35,alexnet,intact-degraded-frontal,interact-no_interact-aSTS,language,SIpointlights,both,both,both_both,0.6911791627561081,0.6911791627561081,0.0
sub-35,alexnet,intact-degraded-frontal,interact-no_interact-pSTS,language,SIpointlights,both,both,both_both,0.6008248179549945,0.6008248179549945,0.0
sub-35,alexnet,intact-degraded-pTemp,interact&no_interact-MT,language,SIpointlights,both,both,both_both,0.35501895173776776,0.35501895173776776,6.020624856574041e-122
sub-35,alexnet,intact-degraded-pTemp,interact-no_interact-aSTS,language,SIpointlights,both,both,both_both,0.7496292836730164,0.7496292836730164,0.0
sub-35,alexnet,intact-degraded-pTemp,interact-no_interact-pSTS,language,SIpointlights,both,both,both_both,0.7496772200756946,0.7496772200756946,0.0
sub-35,alexnet,interact&no_interact-MT,interact-no_interact-aSTS,SIpointlights,SIpointlights,both,both,both_both,0.41002136894786567,0.41002136894786567,7.069285727354592e-166
sub-35,alexnet,interact&no_interact-MT,interact-no_interact-pSTS,SIpointlights,SIpointlights,both,both,both_both,0.6199570744290741,0.6199570744290741,0.0
sub-35,alexnet,interact-no_interact-aSTS,interact-no_interact-pSTS,SIpointlights,SIpointlights,both,both,both_both,0.8102431762484449,0.8102431762484449,0.0
sub-36,alexnet,intact-degraded-aTemp,intact-degraded-frontal,language,language,both,both,both_both,0.616737612293959,0.616737612293959,0.0
sub-36,alexnet,intact-degraded-aTemp,intact-degraded-pTemp,language,language,both,both,both_both,0.7452380259086078,0.7452380259086078,0.0
sub-36,alexnet,intact-degraded-aTemp,interact&no_interact-MT,language,SIpointlights,both,both,both_both,0.4669172605037438,0.4669172605037438,6.413730440278615e-221
sub-36,alexnet,intact-degraded-aTemp,interact-no_interact-aSTS,language,SIpointlights,both,both,both_both,-0.27144621618430687,-0.27144621618430687,4.1472310727788465e-70
sub-36,alexnet,intact-degraded-aTemp,interact-no_interact-pSTS,language,SIpointlights,both,both,both_both,0.37118555084949095,0.37118555084949095,5.459460193527378e-134
sub-36,alexnet,intact-degraded-frontal,intact-degraded-pTemp,language,language,both,both,both_both,0.809435406290899,0.809435406290899,0.0
sub-36,alexnet,intact-degraded-frontal,interact&no_interact-MT,language,SIpointlights,both,both,both_both,0.2672509549219273,0.2672509549219273,6.17689130812917e-68
sub-36,alexnet,intact-degraded-frontal,interact-no_interact-aSTS,language,SIpointlights,both,both,both_both,0.1469461828217103,0.1469461828217103,3.2912454214096858e-21
sub-36,alexnet,intact-degraded-frontal,interact-no_interact-pSTS,language,SIpointlights,both,both,both_both,0.28239122815184076,0.28239122815184076,5.807875157700978e-76
sub-36,alexnet,intact-degraded-pTemp,interact&no_interact-MT,language,SIpointlights,both,both,both_both,0.35164978577137274,0.35164978577137274,1.5934141734477212e-119
sub-36,alexnet,intact-degraded-pTemp,interact-no_interact-aSTS,language,SIpointlights,both,both,both_both,0.03720979877876045,0.03720979877876045,0.0172411222021074
sub-36,alexnet,intact-degraded-pTemp,interact-no_interact-pSTS,language,SIpointlights,both,both,both_both,0.2548030953623465,0.2548030953623465,1.0260289048648296e-61
sub-36,alexnet,interact&no_interact-MT,interact-no_interact-aSTS,SIpointlights,SIpointlights,both,both,both_both,-0.2100487540246693,-0.2100487540246693,4.5343479741352325e-42
sub-36,alexnet,interact&no_interact-MT,interact-no_interact-pSTS,SIpointlights,SIpointlights,both,both,both_both,0.6981010220612388,0.6981010220612388,0.0
sub-36,alexnet,interact-no_interact-aSTS,interact-no_interact-pSTS,SIpointlights,SIpointlights,both,both,both_both,0.09287687075296898,0.09287687075296898,2.5978461359671167e-09
sub-38,alexnet,intact-degraded-aTemp,intact-degraded-frontal,language,language,both,both,both_both,0.35635443279193135,0.35635443279193135,6.473180212030827e-123
sub-38,alexnet,intact-degraded-aTemp,intact-degraded-pTemp,language,language,both,both,both_both,0.3820798252322759,0.3820798252322759,1.6709013785251613e-142
sub-38,alexnet,intact-degraded-aTemp,interact&no_interact-MT,language,SIpointlights,both,both,both_both,0.07509488756061052,0.07509488756061052,1.4987642436787385e-06
sub-38,alexnet,intact-degraded-aTemp,interact-no_interact-aSTS,language,SIpointlights,both,both,both_both,0.7107000317941328,0.7107000317941328,0.0
sub-38,alexnet,intact-degraded-aTemp,interact-no_interact-pSTS,language,SIpointlights,both,both,both_both,0.11946547460720479,0.11946547460720479,1.7073770713154243e-14
sub-38,alexnet,intact-degraded-frontal,intact-degraded-pTemp,language,language,both,both,both_both,0.5158566249575157,0.5158566249575157,2.1476691754389666e-277
sub-38,alexnet,intact-degraded-frontal,interact&no_interact-MT,language,SIpointlights,both,both,both_both,0.20985227311844806,0.20985227311844806,5.4155649786420276e-42
sub-38,alexnet,intact-degraded-frontal,interact-no_interact-aSTS,language,SIpointlights,both,both,both_both,0.43882908446100644,0.43882908446100644,1.975742871164202e-192
sub-38,alexnet,intact-degraded-frontal,interact-no_interact-pSTS,language,SIpointlights,both,both,both_both,0.36081037859765647,0.36081037859765647,3.512323818708441e-126
sub-38,alexnet,intact-degraded-pTemp,interact&no_interact-MT,language,SIpointlights,both,both,both_both,0.5311814858706045,0.5311814858706045,4.64142031784857e-297
sub-38,alexnet,intact-degraded-pTemp,interact-no_interact-aSTS,language,SIpointlights,both,both,both_both,0.48389981577640573,0.48389981577640573,1.7476000697359768e-239
sub-38,alexnet,intact-degraded-pTemp,interact-no_interact-pSTS,language,SIpointlights,both,both,both_both,0.6967652493866711,0.6967652493866711,0.0
sub-38,alexnet,interact&no_interact-MT,interact-no_interact-aSTS,SIpointlights,SIpointlights,both,both,both_both,0.24377419922211355,0.24377419922211355,1.7487603607085248e-56
sub-38,alexnet,interact&no_interact-MT,interact-no_interact-pSTS,SIpointlights,SIpointlights,both,both,both_both,0.6850722055875093,0.6850722055875093,0.0
sub-38,alexnet,interact-no_interact-aSTS,interact-no_interact-pSTS,SIpointlights,SIpointlights,both,both,both_both,0.3834070499365419,0.3834070499365419,1.4562184523301707e-143
sub-39,alexnet,intact-degraded-aTemp,intact-degraded-frontal,language,language,both,both,both_both,0.373103802452245,0.373103802452245,1.8265051289107128e-135
sub-39,alexnet,intact-degraded-aTemp,intact-degraded-pTemp,language,language,both,both,both_both,0.12851968343693593,0.12851968343693593,1.4936495705711914e-16
sub-39,alexnet,intact-degraded-aTemp,interact&no_interact-MT,language,SIpointlights,both,both,both_both,0.45337383302791096,0.45337383302791096,7.545140415326704e-207
sub-39,alexnet,intact-degraded-aTemp,interact-no_interact-aSTS,language,SIpointlights,both,both,both_both,0.7189315289976825,0.7189315289976825,0.0
sub-39,alexnet,intact-degraded-aTemp,interact-no_interact-pSTS,language,SIpointlights,both,both,both_both,0.4504358831845564,0.4504358831845564,7.028989858498642e-204
sub-39,alexnet,intact-degraded-frontal,intact-degraded-pTemp,language,language,both,both,both_both,0.6495415607629851,0.6495415607629851,0.0
sub-39,alexnet,intact-degraded-frontal,interact&no_interact-MT,language,SIpointlights,both,both,both_both,0.19154465375185598,0.19154465375185598,3.806863639257203e-35
sub-39,alexnet,intact-degraded-frontal,interact-no_interact-aSTS,language,SIpointlights,both,both,both_both,0.38237338936501,0.38237338936501,9.749405653806518e-143
sub-39,alexnet,intact-degraded-frontal,interact-no_interact-pSTS,language,SIpointlights,both,both,both_both,0.48947564243280905,0.48947564243280905,8.21982856774913e-246
sub-39,alexnet,intact-degraded-pTemp,interact&no_interact-MT,language,SIpointlights,both,both,both_both,-0.005762610223759794,-0.005762610223759794,0.712353176212037
sub-39,alexnet,intact-degraded-pTemp,interact-no_interact-aSTS,language,SIpointlights,both,both,both_both,0.28203901182166424,0.28203901182166424,9.048674670820588e-76
sub-39,alexnet,intact-degraded-pTemp,interact-no_interact-pSTS,language,SIpointlights,both,both,both_both,0.48469252053611395,0.48469252053611395,2.238729890529907e-240
sub-39,alexnet,interact&no_interact-MT,interact-no_interact-aSTS,SIpointlights,SIpointlights,both,both,both_both,0.4892079792560312,0.4892079792560312,1.6645702198430823e-245
sub-39,alexnet,interact&no_interact-MT,interact-no_interact-pSTS,SIpointlights,SIpointlights,both,both,both_both,0.599669176034633,0.599669176034633,0.0
sub-39,alexnet,interact-no_interact-aSTS,interact-no_interact-pSTS,SIpointlights,SIpointlights,both,both,both_both,0.7385748314572451,0.7385748314572451,0.0
sub-41,alexnet,intact-degraded-aTemp,intact-degraded-frontal,language,language,both,both,both_both,0.7024997639926546,0.7024997639926546,0.0
sub-41,alexnet,intact-degraded-aTemp,intact-degraded-pTemp,language,language,both,both,both_both,0.5974543908350893,0.5974543908350893,0.0
sub-41,alexnet,intact-degraded-aTemp,interact&no_interact-MT,language,SIpointlights,both,both,both_both,0.07238744042188594,0.07238744042188594,3.5270554986368724e-06
sub-41,alexnet,intact-degraded-aTemp,interact-no_interact-aSTS,language,SIpointlights,both,both,both_both,0.8668821125616307,0.8668821125616307,0.0
sub-41,alexnet,intact-degraded-aTemp,interact-no_interact-pSTS,language,SIpointlights,both,both,both_both,0.49270332081477947,0.49270332081477947,1.5777208030193322e-249
sub-41,alexnet,intact-degraded-frontal,intact-degraded-pTemp,language,language,both,both,both_both,0.42470333696391416,0.42470333696391416,4.363473264295965e-179
sub-41,alexnet,intact-degraded-frontal,interact&no_interact-MT,language,SIpointlights,both,both,both_both,0.28180527387677806,0.28180527387677806,1.2140093859230544e-75
sub-41,alexnet,intact-degraded-frontal,interact-no_interact-aSTS,language,SIpointlights,both,both,both_both,0.7144177400228577,0.7144177400228577,0.0
sub-41,alexnet,intact-degraded-frontal,interact-no_interact-pSTS,language,SIpointlights,both,both,both_both,0.46002535777366327,0.46002535777366327,1.1134707174907217e-213
sub-41,alexnet,intact-degraded-pTemp,interact&no_interact-MT,language,SIpointlights,both,both,both_both,-0.23373501156906162,-0.23373501156906162,6.02955542873535e-52
sub-41,alexnet,intact-degraded-pTemp,interact-no_interact-aSTS,language,SIpointlights,both,both,both_both,0.579492937461091,0.579492937461091,0.0
sub-41,alexnet,intact-degraded-pTemp,interact-no_interact-pSTS,language,SIpointlights,both,both,both_both,0.7696284957391315,0.7696284957391315,0.0
sub-41,alexnet,interact&no_interact-MT,interact-no_interact-aSTS,SIpointlights,SIpointlights,both,both,both_both,0.12831945721668567,0.12831945721668567,1.6649125120648307e-16
sub-41,alexnet,interact&no_interact-MT,interact-no_interact-pSTS,SIpointlights,SIpointlights,both,both,both_both,0.07366422911531792,0.07366422911531792,2.364430897686109e-06
sub-41,alexnet,interact-no_interact-aSTS,interact-no_interact-pSTS,SIpointlights,SIpointlights,both,both,both_both,0.6217306032673942,0.6217306032673942,0.0
sub-45,alexnet,intact-degraded-aTemp,intact-degraded-frontal,language,language,both,both,both_both,0.5836356225331915,0.5836356225331915,0.0
sub-45,alexnet,intact-degraded-aTemp,intact-degraded-pTemp,language,language,both,both,both_both,0.5963974771160971,0.5963974771160971,0.0
sub-45,alexnet,intact-degraded-aTemp,interact&no_interact-MT,language,SIpointlights,both,both,both_both,0.02068637311603315,0.02068637311603315,0.1856141876829982
sub-45,alexnet,intact-degraded-aTemp,interact-no_interact-aSTS,language,SIpointlights,both,both,both_both,0.5091879281355333,0.5091879281355333,3.7995190417117134e-269
sub-45,alexnet,intact-degraded-aTemp,interact-no_interact-pSTS,language,SIpointlights,both,both,both_both,0.49305255353643773,0.49305255353643773,6.215461393266071e-250
sub-45,alexnet,intact-degraded-frontal,intact-degraded-pTemp,language,language,both,both,both_both,0.4485745930793927,0.4485745930793927,5.16364177267425e-202
sub-45,alexnet,intact-degraded-frontal,interact&no_interact-MT,language,SIpointlights,both,both,both_both,0.022211971989115058,0.022211971989115058,0.15522733882018594
sub-45,alexnet,intact-degraded-frontal,interact-no_interact-aSTS,language,SIpointlights,both,both,both_both,0.6449889181714384,0.6449889181714384,0.0
sub-45,alexnet,intact-degraded-frontal,interact-no_interact-pSTS,language,SIpointlights,both,both,both_both,0.5535544560705737,0.5535544560705737,0.0
sub-45,alexnet,intact-degraded-pTemp,interact&no_interact-MT,language,SIpointlights,both,both,both_both,0.010998768609749488,0.010998768609749488,0.48160241301763074
sub-45,alexnet,intact-degraded-pTemp,interact-no_interact-aSTS,language,SIpointlights,both,both,both_both,0.22010172746480317,0.22010172746480317,4.0323363087995245e-46
sub-45,alexnet,intact-degraded-pTemp,interact-no_interact-pSTS,language,SIpointlights,both,both,both_both,0.22023646237795294,0.22023646237795294,3.5470161615427695e-46
sub-45,alexnet,interact&no_interact-MT,interact-no_interact-aSTS,SIpointlights,SIpointlights,both,both,both_both,0.23173076417513958,0.23173076417513958,4.579774397942053e-51
sub-45,alexnet,interact&no_interact-MT,interact-no_interact-pSTS,SIpointlights,SIpointlights,both,both,both_both,0.39536439866758405,0.39536439866758405,2.463212671845237e-153
sub-45,alexnet,interact-no_interact-aSTS,interact-no_interact-pSTS,SIpointlights,SIpointlights,both,both,both_both,0.8224611768157005,0.8224611768157005,0.0
sub-46,alexnet,intact-degraded-aTemp,intact-degraded-frontal,language,language,both,both,both_both,0.8333498679774184,0.8333498679774184,0.0
sub-46,alexnet,intact-degraded-aTemp,intact-degraded-pTemp,language,language,both,both,both_both,0.8828028493045745,0.8828028493045745,0.0
sub-46,alexnet,intact-degraded-aTemp,interact&no_interact-MT,language,SIpointlights,both,both,both_both,0.06452363062213383,0.06452363062213383,3.587473452565887e-05
sub-46,alexnet,intact-degraded-aTemp,interact-no_interact-aSTS,language,SIpointlights,both,both,both_both,0.7671585961205848,0.7671585961205848,0.0
sub-46,alexnet,intact-degraded-aTemp,interact-no_interact-pSTS,language,SIpointlights,both,both,both_both,0.4269100865370277,0.4269100865370277,3.952617077795936e-181
sub-46,alexnet,intact-degraded-frontal,intact-degraded-pTemp,language,language,both,both,both_both,0.8814399485982539,0.8814399485982539,0.0
sub-46,alexnet,intact-degraded-frontal,interact&no_interact-MT,language,SIpointlights,both,both,both_both,0.15315091437464218,0.15315091437464218,6.401558939997807e-23
sub-46,alexnet,intact-degraded-frontal,interact-no_interact-aSTS,language,SIpointlights,both,both,both_both,0.6653418649146847,0.6653418649146847,0.0
sub-46,alexnet,intact-degraded-frontal,interact-no_interact-pSTS,language,SIpointlights,both,both,both_both,0.4069965542918847,0.4069965542918847,3.088017305324789e-163
sub-46,alexnet,intact-degraded-pTemp,interact&no_interact-MT,language,SIpointlights,both,both,both_both,0.18071394807698002,0.18071394807698002,2.08230285727902e-31
sub-46,alexnet,intact-degraded-pTemp,interact-no_interact-aSTS,language,SIpointlights,both,both,both_both,0.7197613858476347,0.7197613858476347,0.0
sub-46,alexnet,intact-degraded-pTemp,interact-no_interact-pSTS,language,SIpointlights,both,both,both_both,0.4885630221405492,0.4885630221405492,9.09021156895829e-245
sub-46,alexnet,interact&no_interact-MT,interact-no_interact-aSTS,SIpointlights,SIpointlights,both,both,both_both,0.3777732264428019,0.3777732264428019,4.244113456165776e-139
sub-46,alexnet,interact&no_interact-MT,interact-no_interact-pSTS,SIpointlights,SIpointlights,both,both,both_both,0.7019494287925495,0.7019494287925495,0.0
sub-46,alexnet,interact-no_interact-aSTS,interact-no_interact-pSTS,SIpointlights,SIpointlights,both,both,both_both,0.6742949151664107,0.6742949151664107,0.0
sub-50,alexnet,intact-degraded-aTemp,intact-degraded-frontal,language,language,both,both,both_both,0.6348423588541658,0.6348423588541658,0.0
sub-50,alexnet,intact-degraded-aTemp,intact-degraded-pTemp,language,language,both,both,both_both,0.6576250262106934,0.6576250262106934,0.0
sub-50,alexnet,intact-degraded-aTemp,interact&no_interact-MT,language,SIpointlights,both,both,both_both,0.3310556100330773,0.3310556100330773,2.3881735754394925e-105
sub-50,alexnet,intact-degraded-aTemp,interact-no_interact-aSTS,language,SIpointlights,both,both,both_both,0.49665174356582914,0.49665174356582914,3.950133464405621e-254
sub-50,alexnet,intact-degraded-aTemp,interact-no_interact-pSTS,language,SIpointlights,both,both,both_both,0.5491732015211829,0.5491732015211829,1.78e-321
sub-50,alexnet,intact-degraded-frontal,intact-degraded-pTemp,language,language,both,both,both_both,0.7705545394757555,0.7705545394757555,0.0
sub-50,alexnet,intact-degraded-frontal,interact&no_interact-MT,language,SIpointlights,both,both,both_both,0.534514778272359,0.534514778272359,1.793818764457886e-301
sub-50,alexnet,intact-degraded-frontal,interact-no_interact-aSTS,language,SIpointlights,both,both,both_both,0.6477249818283379,0.6477249818283379,0.0
sub-50,alexnet,intact-degraded-frontal,interact-no_interact-pSTS,language,SIpointlights,both,both,both_both,0.7292334184707708,0.7292334184707708,0.0
sub-50,alexnet,intact-degraded-pTemp,interact&no_interact-MT,language,SIpointlights,both,both,both_both,0.4981969774195665,0.4981969774195665,6.015889457500606e-256
sub-50,alexnet,intact-degraded-pTemp,interact-no_interact-aSTS,language,SIpointlights,both,both,both_both,0.7238307205300542,0.7238307205300542,0.0
sub-50,alexnet,intact-degraded-pTemp,interact-no_interact-pSTS,language,SIpointlights,both,both,both_both,0.7907263631779081,0.7907263631779081,0.0
sub-50,alexnet,interact&no_interact-MT,interact-no_interact-aSTS,SIpointlights,SIpointlights,both,both,both_both,0.6349967155699733,0.6349967155699733,0.0
sub-50,alexnet,interact&no_interact-MT,interact-no_interact-pSTS,SIpointlights,SIpointlights,both,both,both_both,0.5537585617636638,0.5537585617636638,0.0
sub-50,alexnet,interact-no_interact-aSTS,interact-no_interact-pSTS,SIpointlights,SIpointlights,both,both,both_both,0.6847400896164841,0.6847400896164841,0.0
sub-51,alexnet,intact-degraded-aTemp,intact-degraded-frontal,language,language,both,both,both_both,0.9500495254392185,0.9500495254392185,0.0
sub-51,alexnet,intact-degraded-aTemp,intact-degraded-pTemp,language,language,both,both,both_both,0.9413672244764876,0.9413672244764876,0.0
sub-51,alexnet,intact-degraded-aTemp,interact&no_interact-MT,language,SIpointlights,both,both,both_both,0.8488372634354543,0.8488372634354543,0.0
sub-51,alexnet,intact-degraded-aTemp,interact-no_interact-aSTS,language,SIpointlights,both,both,both_both,0.9249226905140862,0.9249226905140862,0.0
sub-51,alexnet,intact-degraded-aTemp,interact-no_interact-pSTS,language,SIpointlights,both,both,both_both,0.9422360309858098,0.9422360309858098,0.0
sub-51,alexnet,intact-degraded-frontal,intact-degraded-pTemp,language,language,both,both,both_both,0.9195257644191084,0.9195257644191084,0.0
sub-51,alexnet,intact-degraded-frontal,interact&no_interact-MT,language,SIpointlights,both,both,both_both,0.8534993181609359,0.8534993181609359,0.0
sub-51,alexnet,intact-degraded-frontal,interact-no_interact-aSTS,language,SIpointlights,both,both,both_both,0.8833439857144696,0.8833439857144696,0.0
sub-51,alexnet,intact-degraded-frontal,interact-no_interact-pSTS,language,SIpointlights,both,both,both_both,0.9520132883350592,0.9520132883350592,0.0
sub-51,alexnet,intact-degraded-pTemp,interact&no_interact-MT,language,SIpointlights,both,both,both_both,0.7920332043672071,0.7920332043672071,0.0
sub-51,alexnet,intact-degraded-pTemp,interact-no_interact-aSTS,language,SIpointlights,both,both,both_both,0.8540559574258377,0.8540559574258377,0.0
sub-51,alexnet,intact-degraded-pTemp,interact-no_interact-pSTS,language,SIpointlights,both,both,both_both,0.9019851744691796,0.9019851744691796,0.0
sub-51,alexnet,interact&no_interact-MT,interact-no_interact-aSTS,SIpointlights,SIpointlights,both,both,both_both,0.8093759850537802,0.8093759850537802,0.0
sub-51,alexnet,interact&no_interact-MT,interact-no_interact-pSTS,SIpointlights,SIpointlights,both,both,both_both,0.9095182395824054,0.9095182395824054,0.0
sub-51,alexnet,interact-no_interact-aSTS,interact-no_interact-pSTS,SIpointlights,SIpointlights,both,both,both_both,0.9005441992972537,0.9005441992972537,0.0
sub-53,alexnet,intact-degraded-aTemp,intact-degraded-frontal,language,language,both,both,both_both,0.8150046863311635,0.8150046863311635,0.0
sub-53,alexnet,intact-degraded-aTemp,intact-degraded-pTemp,language,language,both,both,both_both,0.8820861090408049,0.8820861090408049,0.0
sub-53,alexnet,intact-degraded-aTemp,interact&no_interact-MT,language,SIpointlights,both,both,both_both,0.321875875805268,0.321875875805268,2.2619105387353887e-99
sub-53,alexnet,intact-degraded-aTemp,interact-no_interact-aSTS,language,SIpointlights,both,both,both_both,0.7591430962132144,0.7591430962132144,0.0
sub-53,alexnet,intact-degraded-aTemp,interact-no_interact-pSTS,language,SIpointlights,both,both,both_both,0.7785725558751284,0.7785725558751284,0.0
sub-53,alexnet,intact-degraded-frontal,intact-degraded-pTemp,language,language,both,both,both_both,0.6864768841472512,0.6864768841472512,0.0
sub-53,alexnet,intact-degraded-frontal,interact&no_interact-MT,language,SIpointlights,both,both,both_both,0.37709573095126653,0.37709573095126653,1.4412685958546112e-138
sub-53,alexnet,intact-degraded-frontal,interact-no_interact-aSTS,language,SIpointlights,both,both,both_both,0.6940874183081533,0.6940874183081533,0.0
sub-53,alexnet,intact-degraded-frontal,interact-no_interact-pSTS,language,SIpointlights,both,both,both_both,0.731596970906382,0.731596970906382,0.0
sub-53,alexnet,intact-degraded-pTemp,interact&no_interact-MT,language,SIpointlights,both,both,both_both,0.29906254290432444,0.29906254290432444,2.1144705860355312e-85
sub-53,alexnet,intact-degraded-pTemp,interact-no_interact-aSTS,language,SIpointlights,both,both,both_both,0.6399618725704712,0.6399618725704712,0.0
sub-53,alexnet,intact-degraded-pTemp,interact-no_interact-pSTS,language,SIpointlights,both,both,both_both,0.7471165795924518,0.7471165795924518,0.0
sub-53,alexnet,interact&no_interact-MT,interact-no_interact-aSTS,SIpointlights,SIpointlights,both,both,both_both,0.3203806976552275,0.3203806976552275,2.0339677175389184e-98
sub-53,alexnet,interact&no_interact-MT,interact-no_interact-pSTS,SIpointlights,SIpointlights,both,both,both_both,0.566168176743185,0.566168176743185,0.0
sub-53,alexnet,interact-no_interact-aSTS,interact-no_interact-pSTS,SIpointlights,SIpointlights,both,both,both_both,0.7974580401064703,0.7974580401064703,0.0
sub-54,alexnet,intact-degraded-aTemp,intact-degraded-frontal,language,language,both,both,both_both,0.7661922750659484,0.7661922750659484,0.0
sub-54,alexnet,intact-degraded-aTemp,intact-degraded-pTemp,language,language,both,both,both_both,0.6865141375188332,0.6865141375188332,0.0
sub-54,alexnet,intact-degraded-aTemp,interact&no_interact-MT,language,SIpointlights,both,both,both_both,0.10783468181082041,0.10783468181082041,4.53247564563632e-12
sub-54,alexnet,intact-degraded-aTemp,interact-no_interact-aSTS,language,SIpointlights,both,both,both_both,0.34248920708955183,0.34248920708955183,4.375420320169905e-113
sub-54,alexnet,intact-degraded-aTemp,interact-no_interact-pSTS,language,SIpointlights,both,both,both_both,0.4081530238990202,0.4081530238990202,3.0439988488924062e-164
sub-54,alexnet,intact-degraded-frontal,intact-degraded-pTemp,language,language,both,both,both_both,0.519603736381015,0.519603736381015,4.133683320063868e-282
sub-54,alexnet,intact-degraded-frontal,interact&no_interact-MT,language,SIpointlights,both,both,both_both,-0.060819494092696984,-0.060819494092696984,9.82533034052871e-05
sub-54,alexnet,intact-degraded-frontal,interact-no_interact-aSTS,language,SIpointlights,both,both,both_both,0.015207627939009583,0.015207627939009583,0.3305297510871581
sub-54,alexnet,intact-degraded-frontal,interact-no_interact-pSTS,language,SIpointlights,both,both,both_both,0.20700950922274935,0.20700950922274935,6.93189953577098e-41
sub-54,alexnet,intact-degraded-pTemp,interact&no_interact-MT,language,SIpointlights,both,both,both_both,0.18871179796497883,0.18871179796497883,3.806393672100113e-34
sub-54,alexnet,intact-degraded-pTemp,interact-no_interact-aSTS,language,SIpointlights,both,both,both_both,0.5143430225097372,0.5143430225097372,1.6600169667907547e-275
sub-54,alexnet,intact-degraded-pTemp,interact-no_interact-pSTS,language,SIpointlights,both,both,both_both,0.6214957309715228,0.6214957309715228,0.0
sub-54,alexnet,interact&no_interact-MT,interact-no_interact-aSTS,SIpointlights,SIpointlights,both,both,both_both,0.44590228759635325,0.44590228759635325,2.354327835553968e-199
sub-54,alexnet,interact&no_interact-MT,interact-no_interact-pSTS,SIpointlights,SIpointlights,both,both,both_both,0.6178644349326171,0.6178644349326171,0.0
sub-54,alexnet,interact-no_interact-aSTS,interact-no_interact-pSTS,SIpointlights,SIpointlights,both,both,both_both,0.5816425943947439,0.5816425943947439,0.0
sub-55,alexnet,intact-degraded-aTemp,intact-degraded-frontal,language,language,both,both,both_both,0.7669577449246301,0.7669577449246301,0.0
sub-55,alexnet,intact-degraded-aTemp,intact-degraded-pTemp,language,language,both,both,both_both,0.7109784936570142,0.7109784936570142,0.0
sub-55,alexnet,intact-degraded-aTemp,interact&no_interact-MT,language,SIpointlights,both,both,both_both,0.221969804292726,0.221969804292726,6.761647115066434e-47
sub-55,alexnet,intact-degraded-aTemp,interact-no_interact-aSTS,language,SIpointlights,both,both,both_both,0.7805408348709048,0.7805408348709048,0.0
sub-55,alexnet,intact-degraded-aTemp,interact-no_interact-pSTS,language,SIpointlights,both,both,both_both,0.6567926918096667,0.6567926918096667,0.0
sub-55,alexnet,intact-degraded-frontal,intact-degraded-pTemp,language,language,both,both,both_both,0.7429307369706346,0.7429307369706346,0.0
sub-55,alexnet,intact-degraded-frontal,interact&no_interact-MT,language,SIpointlights,both,both,both_both,0.12585155720607194,0.12585155720607194,6.257269320748527e-16
sub-55,alexnet,intact-degraded-frontal,interact-no_interact-aSTS,language,SIpointlights,both,both,both_both,0.6624481641893981,0.6624481641893981,0.0
sub-55,alexnet,intact-degraded-frontal,interact-no_interact-pSTS,language,SIpointlights,both,both,both_both,0.6394751217943448,0.6394751217943448,0.0
sub-55,alexnet,intact-degraded-pTemp,interact&no_interact-MT,language,SIpointlights,both,both,both_both,0.030512843590368873,0.030512843590368873,0.05085745533163132
sub-55,alexnet,intact-degraded-pTemp,interact-no_interact-aSTS,language,SIpointlights,both,both,both_both,0.6081936506376485,0.6081936506376485,0.0
sub-55,alexnet,intact-degraded-pTemp,interact-no_interact-pSTS,language,SIpointlights,both,both,both_both,0.48149103507974994,0.48149103507974994,8.707523811771484e-237
sub-55,alexnet,interact&no_interact-MT,interact-no_interact-aSTS,SIpointlights,SIpointlights,both,both,both_both,0.1712091845004607,0.1712091845004607,2.5727618006192787e-28
sub-55,alexnet,interact&no_interact-MT,interact-no_interact-pSTS,SIpointlights,SIpointlights,both,both,both_both,0.3884931916266086,0.3884931916266086,1.1386277145177596e-147
sub-55,alexnet,interact-no_interact-aSTS,interact-no_interact-pSTS,SIpointlights,SIpointlights,both,both,both_both,0.708888322396366,0.708888322396366,0.0
sub-56,alexnet,intact-degraded-aTemp,intact-degraded-frontal,language,language,both,both,both_both,0.4966642170827746,0.4966642170827746,3.819261162276294e-254
sub-56,alexnet,intact-degraded-aTemp,intact-degraded-pTemp,language,language,both,both,both_both,0.6505055221654681,0.6505055221654681,0.0
sub-56,alexnet,intact-degraded-aTemp,interact&no_interact-MT,language,SIpointlights,both,both,both_both,-0.08774079727980104,-0.08774079727980104,1.8599563080567803e-08
sub-56,alexnet,intact-degraded-aTemp,interact-no_interact-aSTS,language,SIpointlights,both,both,both_both,0.5453216101028054,0.5453216101028054,0.0
sub-56,alexnet,intact-degraded-aTemp,interact-no_interact-pSTS,language,SIpointlights,both,both,both_both,0.38919609093942,0.38919609093942,3.041388829012398e-148
sub-56,alexnet,intact-degraded-frontal,intact-degraded-pTemp,language,language,both,both,both_both,0.4360395769121583,0.4360395769121583,9.581722194707522e-190
sub-56,alexnet,intact-degraded-frontal,interact&no_interact-MT,language,SIpointlights,both,both,both_both,0.2397127208283068,0.2397127208283068,1.2706692719391138e-54
sub-56,alexnet,intact-degraded-frontal,interact-no_interact-aSTS,language,SIpointlights,both,both,both_both,0.7185747494193614,0.7185747494193614,0.0
sub-56,alexnet,intact-degraded-frontal,interact-no_interact-pSTS,language,SIpointlights,both,both,both_both,0.5986965467242479,0.5986965467242479,0.0
sub-56,alexnet,intact-degraded-pTemp,interact&no_interact-MT,language,SIpointlights,both,both,both_both,0.26363689661749856,0.26363689661749856,4.281871235307777e-66
sub-56,alexnet,intact-degraded-pTemp,interact-no_interact-aSTS,language,SIpointlights,both,both,both_both,0.407082027708475,0.407082027708475,2.6028327653176108e-163
sub-56,alexnet,intact-degraded-pTemp,interact-no_interact-pSTS,language,SIpointlights,both,both,both_both,0.41788368065693077,0.41788368065693077,7.20459543470484e-173
sub-56,alexnet,interact&no_interact-MT,interact-no_interact-aSTS,SIpointlights,SIpointlights,both,both,both_both,0.3847540823019241,0.3847540823019241,1.209605099670985e-144
sub-56,alexnet,interact&no_interact-MT,interact-no_interact-pSTS,SIpointlights,SIpointlights,both,both,both_both,0.4776624808876658,0.4776624808876658,1.5241976161307153e-232
sub-56,alexnet,interact-no_interact-aSTS,interact-no_interact-pSTS,SIpointlights,SIpointlights,both,both,both_both,0.7658717985608623,0.7658717985608623,0.0
sub-57,alexnet,intact-degraded-aTemp,intact-degraded-frontal,language,language,both,both,both_both,0.4151254969811952,0.4151254969811952,2.146604146199592e-170
sub-57,alexnet,intact-degraded-aTemp,intact-degraded-pTemp,language,language,both,both,both_both,0.8546239929367371,0.8546239929367371,0.0
sub-57,alexnet,intact-degraded-aTemp,interact&no_interact-MT,language,SIpointlights,both,both,both_both,0.15912882252948038,0.15912882252948038,1.227210706160608e-24
sub-57,alexnet,intact-degraded-aTemp,interact-no_interact-aSTS,language,SIpointlights,both,both,both_both,0.8674080525798781,0.8674080525798781,0.0
sub-57,alexnet,intact-degraded-aTemp,interact-no_interact-pSTS,language,SIpointlights,both,both,both_both,0.3470214840995083,0.3470214840995083,3.0366357080293993e-116
sub-57,alexnet,intact-degraded-frontal,intact-degraded-pTemp,language,language,both,both,both_both,0.5692985787656085,0.5692985787656085,0.0
sub-57,alexnet,intact-degraded-frontal,interact&no_interact-MT,language,SIpointlights,both,both,both_both,0.3175610309686532,0.3175610309686532,1.2371307508139356e-96
sub-57,alexnet,intact-degraded-frontal,interact-no_interact-aSTS,language,SIpointlights,both,both,both_both,0.47774055535327126,0.47774055535327126,1.2504053889022444e-232
sub-57,alexnet,intact-degraded-frontal,interact-no_interact-pSTS,language,SIpointlights,both,both,both_both,0.5497035960607851,0.5497035960607851,3.16e-322
sub-57,alexnet,intact-degraded-pTemp,interact&no_interact-MT,language,SIpointlights,both,both,both_both,0.22006662247994718,0.22006662247994718,4.1692843479809626e-46
sub-57,alexnet,intact-degraded-pTemp,interact-no_interact-aSTS,language,SIpointlights,both,both,both_both,0.7834801734909504,0.7834801734909504,0.0
sub-57,alexnet,intact-degraded-pTemp,interact-no_interact-pSTS,language,SIpointlights,both,both,both_both,0.49015009424551537,0.49015009424551537,1.385136633288267e-246
sub-57,alexnet,interact&no_interact-MT,interact-no_interact-aSTS,SIpointlights,SIpointlights,both,both,both_both,0.24401459920893925,0.24401459920893925,1.3535183891177083e-56
sub-57,alexnet,interact&no_interact-MT,interact-no_interact-pSTS,SIpointlights,SIpointlights,both,both,both_both,0.6359539054730898,0.6359539054730898,0.0
sub-57,alexnet,interact-no_interact-aSTS,interact-no_interact-pSTS,SIpointlights,SIpointlights,both,both,both_both,0.4565578132273675,0.4565578132273675,4.233556904838359e-210
sub-58,alexnet,intact-degraded-aTemp,intact-degraded-frontal,language,language,both,both,both_both,0.857515584565472,0.857515584565472,0.0
sub-58,alexnet,intact-degraded-aTemp,intact-degraded-pTemp,language,language,both,both,both_both,0.9563028877504465,0.9563028877504465,0.0
sub-58,alexnet,intact-degraded-aTemp,interact&no_interact-MT,language,SIpointlights,both,both,both_both,0.6948641490800106,0.6948641490800106,0.0
sub-58,alexnet,intact-degraded-aTemp,interact-no_interact-aSTS,language,SIpointlights,both,both,both_both,0.9127882769631293,0.9127882769631293,0.0
sub-58,alexnet,intact-degraded-aTemp,interact-no_interact-pSTS,language,SIpointlights,both,both,both_both,0.8525570117846476,0.8525570117846476,0.0
sub-58,alexnet,intact-degraded-frontal,intact-degraded-pTemp,language,language,both,both,both_both,0.8616143701147436,0.8616143701147436,0.0
sub-58,alexnet,intact-degraded-frontal,interact&no_interact-MT,language,SIpointlights,both,both,both_both,0.5670028055157628,0.5670028055157628,0.0
sub-58,alexnet,intact-degraded-frontal,interact-no_interact-aSTS,language,SIpointlights,both,both,both_both,0.8200782766441106,0.8200782766441106,0.0
sub-58,alexnet,intact-degraded-frontal,interact-no_interact-pSTS,language,SIpointlights,both,both,both_both,0.7090629726340565,0.7090629726340565,0.0
sub-58,alexnet,intact-degraded-pTemp,interact&no_interact-MT,language,SIpointlights,both,both,both_both,0.719561031279482,0.719561031279482,0.0
sub-58,alexnet,intact-degraded-pTemp,interact-no_interact-aSTS,language,SIpointlights,both,both,both_both,0.910561492369758,0.910561492369758,0.0
sub-58,alexnet,intact-degraded-pTemp,interact-no_interact-pSTS,language,SIpointlights,both,both,both_both,0.8747130979528611,0.8747130979528611,0.0
sub-58,alexnet,interact&no_interact-MT,interact-no_interact-aSTS,SIpointlights,SIpointlights,both,both,both_both,0.7645161918571057,0.7645161918571057,0.0
sub-58,alexnet,interact&no_interact-MT,interact-no_interact-pSTS,SIpointlights,SIpointlights,both,both,both_both,0.8696735516154432,0.8696735516154432,0.0
sub-58,alexnet,interact-no_interact-aSTS,interact-no_interact-pSTS,SIpointlights,SIpointlights,both,both,both_both,0.9353448330341432,0.9353448330341432,0.0
sub-60,alexnet,intact-degraded-aTemp,intact-degraded-frontal,language,language,both,both,both_both,0.8275650530426693,0.8275650530426693,0.0
sub-60,alexnet,intact-degraded-aTemp,intact-degraded-pTemp,language,language,both,both,both_both,0.25687665194336945,0.25687665194336945,9.962654026587998e-63
sub-60,alexnet,intact-degraded-aTemp,interact&no_interact-MT,language,SIpointlights,both,both,both_both,0.47631994261972144,0.47631994261972144,4.552088602474724e-231
sub-60,alexnet,intact-degraded-aTemp,interact-no_interact-aSTS,language,SIpointlights,both,both,both_both,0.6867049606399678,0.6867049606399678,0.0
sub-60,alexnet,intact-degraded-aTemp,interact-no_interact-pSTS,language,SIpointlights,both,both,both_both,0.6396274344329456,0.6396274344329456,0.0
sub-60,alexnet,intact-degraded-frontal,intact-degraded-pTemp,language,language,both,both,both_both,0.00022008137882164366,0.00022008137882164366,0.9887654310812093
sub-60,alexnet,intact-degraded-frontal,interact&no_interact-MT,language,SIpointlights,both,both,both_both,0.4590619888954057,0.4590619888954057,1.110343314158619e-212
sub-60,alexnet,intact-degraded-frontal,interact-no_interact-aSTS,language,SIpointlights,both,both,both_both,0.5209566624471521,0.5209566624471521,7.927737126179666e-284
sub-60,alexnet,intact-degraded-frontal,interact-no_interact-pSTS,language,SIpointlights,both,both,both_both,0.5298474763644324,0.5298474763644324,2.623700082889533e-295
sub-60,alexnet,intact-degraded-pTemp,interact&no_interact-MT,language,SIpointlights,both,both,both_both,-0.045505249035434514,-0.045505249035434514,0.003580250832904158
sub-60,alexnet,intact-degraded-pTemp,interact-no_interact-aSTS,language,SIpointlights,both,both,both_both,0.5552093183943895,0.5552093183943895,0.0
sub-60,alexnet,intact-degraded-pTemp,interact-no_interact-pSTS,language,SIpointlights,both,both,both_both,0.3794807424895072,0.3794807424895072,1.9229458245912808e-140
sub-60,alexnet,interact&no_interact-MT,interact-no_interact-aSTS,SIpointlights,SIpointlights,both,both,both_both,0.40346070980221266,0.40346070980221266,3.479898698844025e-160
sub-60,alexnet,interact&no_interact-MT,interact-no_interact-pSTS,SIpointlights,SIpointlights,both,both,both_both,0.44814336316113546,0.44814336316113546,1.391989515131735e-201
sub-60,alexnet,interact-no_interact-aSTS,interact-no_interact-pSTS,SIpointlights,SIpointlights,both,both,both_both,0.7421165549793405,0.7421165549793405,0.0
sub-61,alexnet,intact-degraded-aTemp,intact-degraded-frontal,language,language,both,both,both_both,0.6337712268069292,0.6337712268069292,0.0
sub-61,alexnet,intact-degraded-aTemp,intact-degraded-pTemp,language,language,both,both,both_both,0.8440500043707261,0.8440500043707261,0.0
sub-61,alexnet,intact-degraded-aTemp,interact&no_interact-MT,language,SIpointlights,both,both,both_both,0.1497950791278002,0.1497950791278002,5.504656203356723e-22
sub-61,alexnet,intact-degraded-aTemp,interact-no_interact-aSTS,language,SIpointlights,both,both,both_both,0.6670123888258108,0.6670123888258108,0.0
sub-61,alexnet,intact-degraded-aTemp,interact-no_interact-pSTS,language,SIpointlights,both,both,both_both,0.6079155428494314,0.6079155428494314,0.0
sub-61,alexnet,intact-degraded-frontal,intact-degraded-pTemp,language,language,both,both,both_both,0.8351842223107486,0.8351842223107486,0.0
sub-61,alexnet,intact-degraded-frontal,interact&no_interact-MT,language,SIpointlights,both,both,both_both,0.1399741024666544,0.1399741024666544,2.2582619988893423e-19
sub-61,alexnet,intact-degraded-frontal,interact-no_interact-aSTS,language,SIpointlights,both,both,both_both,0.49698006256431126,0.49698006256431126,1.6265422804340464e-254
sub-61,alexnet,intact-degraded-frontal,interact-no_interact-pSTS,language,SIpointlights,both,both,both_both,0.50435072150251,0.50435072150251,2.8090457754823756e-263
sub-61,alexnet,intact-degraded-pTemp,interact&no_interact-MT,language,SIpointlights,both,both,both_both,0.11672360019547366,0.11672360019547366,6.698053726037549e-14
sub-61,alexnet,intact-degraded-pTemp,interact-no_interact-aSTS,language,SIpointlights,both,both,both_both,0.6502772249208856,0.6502772249208856,0.0
sub-61,alexnet,intact-degraded-pTemp,interact-no_interact-pSTS,language,SIpointlights,both,both,both_both,0.560617477923895,0.560617477923895,0.0
sub-61,alexnet,interact&no_interact-MT,interact-no_interact-aSTS,SIpointlights,SIpointlights,both,both,both_both,0.3500675629470194,0.3500675629470194,2.1373575811111646e-118
sub-61,alexnet,interact&no_interact-MT,interact-no_interact-pSTS,SIpointlights,SIpointlights,both,both,both_both,0.5906677356808862,0.5906677356808862,0.0
sub-61,alexnet,interact-no_interact-aSTS,interact-no_interact-pSTS,SIpointlights,SIpointlights,both,both,both_both,0.795576827123744,0.795576827123744,0.0
sub-62,alexnet,intact-degraded-aTemp,intact-degraded-frontal,language,language,both,both,both_both,0.6286970735094415,0.6286970735094415,0.0
sub-62,alexnet,intact-degraded-aTemp,intact-degraded-pTemp,language,language,both,both,both_both,0.6952355735905563,0.6952355735905563,0.0
sub-62,alexnet,intact-degraded-aTemp,interact&no_interact-MT,language,SIpointlights,both,both,both_both,0.41666983080625936,0.41666983080625936,8.898491912983417e-172
sub-62,alexnet,intact-degraded-aTemp,interact-no_interact-aSTS,language,SIpointlights,both,both,both_both,0.646217992353437,0.646217992353437,0.0
sub-62,alexnet,intact-degraded-aTemp,interact-no_interact-pSTS,language,SIpointlights,both,both,both_both,0.33631636092466005,0.33631636092466005,7.227157183099628e-109
sub-62,alexnet,intact-degraded-frontal,intact-degraded-pTemp,language,language,both,both,both_both,0.7278389333219917,0.7278389333219917,0.0
sub-62,alexnet,intact-degraded-frontal,interact&no_interact-MT,language,SIpointlights,both,both,both_both,0.35973008338330154,0.35973008338330154,2.1983718791216389e-125
sub-62,alexnet,intact-degraded-frontal,interact-no_interact-aSTS,language,SIpointlights,both,both,both_both,0.6318847068219848,0.6318847068219848,0.0
sub-62,alexnet,intact-degraded-frontal,interact-no_interact-pSTS,language,SIpointlights,both,both,both_both,0.6157850720765317,0.6157850720765317,0.0
sub-62,alexnet,intact-degraded-pTemp,interact&no_interact-MT,language,SIpointlights,both,both,both_both,0.2488417477540046,0.2488417477540046,7.434522313527832e-59
sub-62,alexnet,intact-degraded-pTemp,interact-no_interact-aSTS,language,SIpointlights,both,both,both_both,0.6540888518581809,0.6540888518581809,0.0
sub-62,alexnet,intact-degraded-pTemp,interact-no_interact-pSTS,language,SIpointlights,both,both,both_both,0.47758032297144765,0.47758032297144765,1.8771763622311982e-232
sub-62,alexnet,interact&no_interact-MT,interact-no_interact-aSTS,SIpointlights,SIpointlights,both,both,both_both,0.5155364566620183,0.5155364566620183,5.397071124988247e-277
sub-62,alexnet,interact&no_interact-MT,interact-no_interact-pSTS,SIpointlights,SIpointlights,both,both,both_both,0.481005348477163,0.481005348477163,3.0281229688172775e-236
sub-62,alexnet,interact-no_interact-aSTS,interact-no_interact-pSTS,SIpointlights,SIpointlights,both,both,both_both,0.767963286687053,0.767963286687053,0.0
